,TITLE,SEASON,REVIEW_RANK,IMAGE,GAIYOU
0,宇宙よりも遠い場所（TVアニメ動画）,2018年冬アニメ,4.2,https://img.anikore.jp/images/anime/3/9/3/11393/11393.jpg?width=122&height=122&type=crop,"いつだってボクらの一歩は好奇心から始まった。
見たことのない風景を、
聞いたことのない音を、
嗅いだことのない香りを、
触れたことのない質感を、
味わったことのない食物を、
そして感... ▼もっと読む"
1,からかい上手の高木さん（TVアニメ動画）,2018年冬アニメ,3.7,https://img.anikore.jp/images/anime/2/6/9/11269/11269.jpg?width=122&height=122&type=crop,コミックス累計250万部・”照れたら負け”のからかいラブコメディ 2018年1月放送スタート！ ▼もっと読む
2,月がきれい（TVアニメ動画）,2017年春アニメ,4.1,https://img.anikore.jp/images/anime/0/5/7/11057/11057.jpg?width=122&height=122&type=crop,キャッチコピーは「I love you をそう訳したのは、太宰だったか、漱石だったか……」で、中学3年で初めて同じクラスになって出会った水野茜と安曇小太郎の成長、周囲との関わり、思春期の恋などが... ▼もっと読む
3,Just Because！（TVアニメ動画）,2017年秋アニメ,3.7,https://img.anikore.jp/images/anime/2/8/9/11289/11289.jpg?width=122&height=122&type=crop,"高校三年の冬。
残りわずかとなった高校生活。
このまま、なんとなく卒業していくのだと誰もが思っていた。
突然、彼が帰ってくるまでは。
中学の頃に一度は遠くの街へと引っ越した同級生。
季... ▼もっと読む"
4,恋は雨上がりのように（TVアニメ動画）,2018年冬アニメ,3.7,https://img.anikore.jp/images/anime/1/1/8/11118/11118.jpg?width=122&height=122&type=crop,ある事件がきっかけで走ることを諦めた元陸上部エースの女子高生・橘あきらと、彼女のバイト先のファミレス店長であるさえない45歳男性・近藤正己の恋物語が描かれる。 ▼もっと読む
5,ゆるキャン△（TVアニメ動画）,2018年冬アニメ,4.0,https://img.anikore.jp/images/anime/0/8/2/11082/11082.jpg?width=122&height=122&type=crop,1人でキャンプをするのが好きな女子・リンと、キャンプ初心者・なでしこの出会いからはじまるアウトドアコメディ。本格的なキャンプのノウハウをゆるく楽しげに描く。 ▼もっと読む
6,響け！ ユーフォニアム（TVアニメ動画）,2015年春アニメ,4.2,https://img.anikore.jp/images/anime/8/9/5/8895/8895.jpg?width=122&height=122&type=crop,"高校1年生の春。
中学時代に吹奏楽部だった黄前久美子は、クラスメイトの加藤葉月、川島緑輝とともに吹奏楽部の見学に行く。
そこで久美子は、かつての同級生・高坂麗奈の姿を見かける。
葉月と緑輝... ▼もっと読む"
7,氷菓（TVアニメ動画）,2012年春アニメ,4.1,https://img.anikore.jp/images/anime/5/4/7/3547/3547.jpg?width=122&height=122&type=crop,何事にも積極的に関わらない奉太郎が、姉の命令で入部させられた古典部で、部員の少女の叔父が関わった三十三年前に起きた事件の真相に迫る。省エネ少年と好奇心少女が繰り広げる青春ミステリー。 ▼もっと読む
8,さくら荘のペットな彼女（TVアニメ動画）,2012年秋アニメ,4.0,https://img.anikore.jp/images/anime/7/2/2/3722/3722.jpg?width=122&height=122&type=crop,学園の問題児の巣窟『さくら荘』に住む高校２年生の神田空太は、変人たちに振り回されながら、『脱・さくら荘!!』を誓う毎日。そんなある日、『さくら荘』に、可愛くて清楚で、しかも世界的な天才画家である... ▼もっと読む
9,3月のライオン 第2期（TVアニメ動画）,2017年秋アニメ,3.9,https://img.anikore.jp/images/anime/3/0/4/11304/11304.jpg?width=122&height=122&type=crop,"これは、様々な人間が
何かを取り戻していく、優しい物語。
そして、戦いの物語。

主人公・桐山零は、幼い頃に事故で家族を失い、
心に深い孤独を負う17歳のプロの将棋棋士。
東京の下町... ▼もっと読む"
10,四月は君の嘘（TVアニメ動画）,2014年秋アニメ,4.3,https://img.anikore.jp/images/anime/9/1/3/7913/7913.jpg?width=122&height=122&type=crop,"母の死をきっかけにピアノが弾けなくなった元天才少年・有馬公生。モノクロームだった彼の日常は、一人のヴァイオリニストとの出逢いから色付き始める。
傍若無人、喧嘩上等、でも個性あふれる演奏家・宮園... ▼もっと読む"
11,ダーリン・イン・ザ・フランキス（TVアニメ動画）,2018年冬アニメ,3.6,https://img.anikore.jp/images/anime/3/9/5/11395/11395.jpg?width=122&height=122&type=crop,遠い未来。人類が荒廃した地上で生き抜くために作り上げた巨大移動要塞都市では、名前のないコドモたちが戦うことだけを教え込まれながら、毎日を過ごしていた。コドモたちの1人であるヒロは、角が生えた謎の... ▼もっと読む
12,ボールルームへようこそ（TVアニメ動画）,2017年夏アニメ,3.9,https://img.anikore.jp/images/anime/0/3/7/11037/11037.jpg?width=122&height=122&type=crop,"やりたい事もなく、進路に悩む中学3年生・富士田多々良はある出来事をきっかけに現役のプロダンサー仙石要と出会う。

仙石に連れられ、小笠原ダンススタジオへ足を踏み入れた多々良は、初めて社交ダン... ▼もっと読む"
13,坂道のアポロン（TVアニメ動画）,2012年春アニメ,4.0,https://img.anikore.jp/images/anime/5/9/5/3595/3595.jpg?width=122&height=122&type=crop,"1966年初夏、船乗りの父親の仕事の都合で、横須賀から長崎県の田舎町へ転校してきた一人のナイーブな少年・薫。
転校初日、バンカラな男・千太郎との出会いのおかげで、薫の高校生活は思わぬ方向へ変化... ▼もっと読む"
14,魔法陣グルグル (2017)（TVアニメ動画）,2017年夏アニメ,3.8,https://img.anikore.jp/images/anime/0/7/7/11077/11077.jpg?width=122&height=122&type=crop,"1992年に月刊少年ガンガンで連載を開始、
1994年、2000年に続き、連載25周年を記念して3度目のテレビアニメ化！


魔王を倒す勇者を募るというお触れを見た勇者マニアの
父と母... ▼もっと読む"
15,多田くんは恋をしない（TVアニメ動画）,2018年春アニメ,3.1,https://img.anikore.jp/images/anime/4/5/2/11452/11452.jpg?width=122&height=122&type=crop,カメラを手に、満開の桜の写真を撮りにきていた光良は、異国から日本にやってきたばかりだという少女テレサに出会う。日本に着いて早々に、連れとはぐれてしまい、迷子になっていた彼女を助けることになった光... ▼もっと読む
16,とらドラ！（TVアニメ動画）,2008年秋アニメ,4.2,https://img.anikore.jp/images/anime/2/3/2/1232/1232.jpg?width=122&height=122&type=crop,その目つきの鋭さ故、不良に見られてしまうことを気にしている高須竜児は高校2年に進級し、以前から好意を寄せていた櫛枝実乃梨と同じクラスになることができた。一方で、新しいクラスメイトの間にはびこる「... ▼もっと読む
17,あの日見た花の名前を僕達はまだ知らない。（TVアニメ動画）,2011年春アニメ,4.2,https://img.anikore.jp/images/anime/8/2/4/2824/2824.jpg?width=122&height=122&type=crop,昔は仲良しだった幼馴染たち。でも、高校生になった彼らの距離はいつの間にか離れてしまっていた。ヒキコモリぎみの主人公“じんたん”。ギャル友達に流され気味の“あなる”。進学校に通う“ゆきあつ”と“つ... ▼もっと読む
18,君に届け（TVアニメ動画）,2009年秋アニメ,4.0,https://img.anikore.jp/51KyAWAWLrL.jpg._AA240_.jpg?width=122&height=122&type=crop&category=amazon,"陰気な容姿のせいで霊感があると恐れられ、「貞子」というあだながついている黒沼爽子。
周囲に避けられることに慣れてしまっていた爽子は、わけへだてなく接してくれるサワヤカさ100%の少年、風早翔太... ▼もっと読む"
19,ちはやふる2（TVアニメ動画）,2013年冬アニメ,4.2,https://img.anikore.jp/images/anime/7/7/8/3778/3778.jpg?width=122&height=122&type=crop,春。瑞沢高校のかるた部5人は新入部員の獲得に励んでいた。しかし、入部届けを出しに来たのは太一目当てのかるた初心者の女子ばかり、中でも花野菫は太一に積極的な様子。千早はかるた強豪校になるためと言い... ▼もっと読む
20,Angel Beats！-エンジェルビーツ！（TVアニメ動画）,2010年春アニメ,4.2,https://img.anikore.jp/518jy9bz2CL.jpg._AA240_.jpg?width=122&height=122&type=crop&category=amazon,森に囲まれた丘陵地にある、生徒総数2000名を越える全寮制のとある学園。一見するとごく普通の生徒らが生活を送っている学園だが、そこは死後の世界だった。現世で理不尽な人生を体験し、青春時代をまとも... ▼もっと読む
21,中二病でも恋がしたい！（TVアニメ動画）,2012年秋アニメ,4.0,https://img.anikore.jp/images/anime/8/4/8/3848/3848.jpg?width=122&height=122&type=crop,"高校1年生の富樫勇太は中学生時代、邪気眼系中二病を患っていた。
しかし、そんな黒歴史を中学とともに卒業し、高校ライフを満喫していた。勇太は周りには中二病だったことを隠していたがひょんなことから... ▼もっと読む"
22,ココロコネクト（TVアニメ動画）,2012年夏アニメ,4.0,https://img.anikore.jp/images/anime/5/0/0/3500/3500.jpg?width=122&height=122&type=crop,私立山星高校文化研究部内で次々と起こる実際ではあり得ない不思議な現象、＜ふうせんかずら＞による謎の企み、それにより主人公八重樫太一をはじめ永瀬、稲葉、桐山、青木の友情が成長していく。 ▼もっと読む
23,ちはやふる（TVアニメ動画）,2011年秋アニメ,4.2,https://img.anikore.jp/images/anime/2/3/1/3231/3231.jpg?width=122&height=122&type=crop,姉がモデルの日本一になることが夢であった小学6年生の綾瀬千早は、福井から来た転校生・綿谷新に「自分のことでないと夢にしてはいけない」と諭される。そんな新の夢は競技かるたで名人になり、日本一になる... ▼もっと読む
24,ガールズ&パンツァー（TVアニメ動画）,2012年秋アニメ,4.0,https://img.anikore.jp/images/anime/7/7/2/3772/3772.jpg?width=122&height=122&type=crop,『ガールズ＆パンツァー』は“美少女と戦車が織りなす、ひと夏のハートフル・タンク・ストーリー！”がキャッチフレーズのTVアニメーション。物語は戦車を使った武道「戦車道」が華道や茶道と並んで大和撫子... ▼もっと読む
25,僕らはみんな河合荘（TVアニメ動画）,2014年春アニメ,3.9,https://img.anikore.jp/images/anime/8/6/6/7866/7866.jpg?width=122&height=122&type=crop,親の転勤で「一人暮らし」をすることとなった男子高校生・宇佐は「河合荘」という賄い(食事)付の下宿に住むこととなった。そこには彼にとって憧れの先輩である女子高生・律も住んでおり、宇... ▼もっと読む
26,響け！ユーフォニアム2（TVアニメ動画）,2016年秋アニメ,4.2,https://img.anikore.jp/images/anime/6/6/8/10668/10668.jpg?width=122&height=122&type=crop,"吹奏楽コンクール京都府大会を突破した北宇治高校吹奏楽部は、強豪ひしめく関西大会に向けて練習を開始する。
臨時講師の先生も迎えて、レベルアップに勤しむ久美子たち。
しかし、そこへ昨年退部した傘... ▼もっと読む"
27,けいおん！！ 2期（TVアニメ動画）,2010年春アニメ,4.3,https://img.anikore.jp/5125dZbJFmL.jpg._AA240_.jpg?width=122&height=122&type=crop&category=amazon,高校1年生の春に、軽音部に入学した楽器初心者の平沢唯。部長の田井中律、恥ずかしがり屋の秋山澪、おっとりした琴吹紬の3人とともに、普段の部室でのお茶を中心に、合宿、学園祭、クリスマスと楽しい日々を... ▼もっと読む
28,やはり俺の青春ラブコメはまちがっている。（TVアニメ動画）,2013年春アニメ,4.1,https://img.anikore.jp/images/anime/9/9/4/3994/3994.jpg?width=122&height=122&type=crop,千葉市立総武高等学校に通う高校2年生の比企谷八幡は幼少時から友達ができず、その結果友達を作ることをあきらめて「ぼっち」を極めようとしていたが、生活指導担当の教師、平塚静に目をつけられ、学校一の美... ▼もっと読む
29,花咲くいろは（TVアニメ動画）,2011年春アニメ,4.1,https://img.anikore.jp/images/anime/4/1/4/2414/2414.jpg?width=122&height=122&type=crop,突然の夜逃げ、突然の告白、そして突然の別れ――。今までとは違う自分になりたかったという夢は、急に現実となりました。私、松前緒花の平凡な日常は1日にしてドラマチックな展開を迎えたのです。通い慣れた... ▼もっと読む
30,となりの怪物くん（TVアニメ動画）,2012年秋アニメ,3.8,https://img.anikore.jp/images/anime/7/7/0/3770/3770.jpg?width=122&height=122&type=crop,成績にしか興味のなかった冷血女子・水谷雫は、プリントを届けたことがきっかけで問題児・吉田春に気に入られてしまう。そして、それをきっかけに雫の人間関係が著しく変わっていく。 ▼もっと読む
31,ラブライブ！school idol project（TVアニメ動画）,2013年冬アニメ,3.9,https://img.anikore.jp/images/anime/9/2/3/3923/3923.jpg?width=122&height=122&type=crop,進化し続ける最新カルチャーの街・秋葉原と、歴史と伝統の街・神田、そして静かな大人の本の街・神保町のあいだに、まるでエアポケットのようにポカリと空いた、人影もまばらなその街の中心に、古くからある伝... ▼もっと読む
32,ReLIFE（TVアニメ動画）,2016年夏アニメ,3.8,https://img.anikore.jp/images/anime/1/5/5/9155/9155.jpg?width=122&height=122&type=crop,"海崎新太(27歳)は、新卒として入社した会社を3ヶ月で退職。
その後の就活もうまく行かず、親からの仕送りも打ち切られ田舎に戻ることを迫られる。
悩みを打ち明けられる友達も彼女... ▼もっと読む"
33,ゲーマーズ！（TVアニメ動画）,2017年夏アニメ,3.6,https://img.anikore.jp/images/anime/9/6/1/10961/10961.jpg?width=122&height=122&type=crop,ゲーム好きで“ぼっち”な高校生・雨野景太、学園一の美少女でゲーム部の部長・天道花憐、景太と犬猿の仲の星ノ守千秋、“リア充”だが実はゲーム好きの一面もある上原裕ら個性的なゲーマーの青春を描いたラブ... ▼もっと読む
34,クロムクロ（TVアニメ動画）,2016年春アニメ,3.6,https://img.anikore.jp/images/anime/2/9/9/10299/10299.jpg?width=122&height=122&type=crop,"ダム建設時に偶然発見された謎の遺物、アーティファクトの研究を行うために設立された国際連合黒部研究所。
世界各国の頭脳が集う研究所員の子女が通う立山国際高校には、研究所の娘、白羽由希奈も通ってい... ▼もっと読む"
35,orange（TVアニメ動画）,2016年夏アニメ,3.3,https://img.anikore.jp/images/anime/4/4/5/10445/10445.jpg?width=122&height=122&type=crop,長野県松本市に住む女子高校生・高宮菜穂は2年生になった4月の始業式の日、差出人が自分の名前になっている手紙を受け取る。その手紙には、26歳になった10年後の自分が後悔をしていて、その後悔を16歳... ▼もっと読む
36,妹さえいればいい。（TVアニメ動画）,2017年秋アニメ,3.6,https://img.anikore.jp/images/anime/2/0/0/11200/11200.jpg?width=122&height=122&type=crop,"「妹さえいれば人生は常に最高なのに、 なぜ俺には妹がいないのか……」

妹モノの作品ばかりを書き続けている妹バカの小説家・羽島伊月の周囲には、 天才作家にして変態の可児那由多、 女子大生の白... ▼もっと読む"
37,タッチ（TVアニメ動画）,1985年春アニメ,3.8,https://img.anikore.jp/51eUd3rm7qL.jpg._AA240_.jpg?width=122&height=122&type=crop&category=amazon,上杉達也､上杉和也は一卵性双生児｡ｽﾎﾟｰﾂも勉強も真剣に取り組む弟の和也に対して､何事にもいい加減な兄の達也｡そして隣に住む同い年の浅倉南｡3人は小さい時から一緒に行動している､いわば幼馴染だ... ▼もっと読む
38,徒然チルドレン（TVアニメ動画）,2017年夏アニメ,3.6,https://img.anikore.jp/images/anime/0/9/0/11090/11090.jpg?width=122&height=122&type=crop,"本作は、どこにでもいる様な、ごく普通の高校生たちが、
恋に燃えたり、揺れたり、悩んだり、
笑ったり、泣いたり、傷ついたり、
うまくいったり、いかなかったりしながらも、
かけがえのない青春... ▼もっと読む"
39,ラブライブ！サンシャイン！！ 2nd Season（TVアニメ動画）,2017年秋アニメ,3.5,https://img.anikore.jp/images/anime/1/1/1/11111/11111.jpg?width=122&height=122&type=crop,"静岡県沼津市の海辺の町、内浦にある私立浦の星女学院。

駿河湾のかたすみにある小さな高校で
2年生の高海千歌を中心とした9人の少女たちが、大きな夢を抱いて立ち上がる。

それは、キラキ... ▼もっと読む"
40,あまんちゅ！～あどばんす～（TVアニメ動画）,2018年春アニメ,3.2,https://img.anikore.jp/images/anime/4/1/8/11418/11418.jpg?width=122&height=122&type=crop,伊豆の町で生まれ育った小日向光と、東京から引っ越してきた大木双葉。ともに夢ヶ丘高校に入学した二人は、スキューバダイビングと日常の何気ない出来事の中に、たくさんの幸せを見つけてきた。かつては何事... ▼もっと読む
41,けいおん！（TVアニメ動画）,2009年春アニメ,4.2,https://img.anikore.jp/images/anime/3/0/9/1309/1309.jpg?width=122&height=122&type=crop,私立桜が丘高校に入学した1年生の平沢唯は新しいことを始めようとするが何も思いつかず、2週間もの間部活の入部届けを書けずに日々を過ごしていた。同じく1年生の田井中律は幼馴染で一緒に入学した秋山澪と... ▼もっと読む
42,僕は友達が少ない（TVアニメ動画）,2011年秋アニメ,3.9,https://img.anikore.jp/images/anime/2/4/5/3245/3245.jpg?width=122&height=122&type=crop,聖クロニカ学園（せいクロニカがくえん）高等部2年生の羽瀬川小鷹は、転校から1ヶ月経ってもその外見が原因で周囲にヤンキーと勘違いされ、クラスで浮いた存在であった。ある日、小鷹はいつも不機嫌そうにし... ▼もっと読む
43,CLANNAD [クラナド]（TVアニメ動画）,2007年秋アニメ,4.1,https://img.anikore.jp/images/anime/1/0/4/1104/1104.jpg?width=122&height=122&type=crop,"進学校に通う高校3年生の岡崎朋也は、無気力な毎日を送っている。毎日同じことの繰り返し。
周りのみんなのように学校生活を楽しむこともできず、毎日遅刻ばかり。
そのためか、校内では浮いた存在にな... ▼もっと読む"
44,僕は友達が少ないNEXT（TVアニメ動画）,2013年冬アニメ,3.9,https://img.anikore.jp/images/anime/8/8/9/3889/3889.jpg?width=122&height=122&type=crop,友達がいない少年少女たちが「友達作り」を目的とした残念な活動を繰り広げる「隣人部」を舞台にした残念系青春ラブコメディ。羽瀬川小鷹の日常は新しい顔ぶれも加わってますます賑やかになっていく。みんなで... ▼もっと読む
45,TARI TARI（TVアニメ動画）,2012年夏アニメ,4.1,https://img.anikore.jp/images/anime/6/7/2/3672/3672.jpg?width=122&height=122&type=crop,「TARI TARI」今夏放送開始 制作：P.A.WORKS、キャスト：高垣彩陽、瀬戸麻沙美、早見沙織 ほか ▼もっと読む
46,変態王子と笑わない猫。（TVアニメ動画）,2013年春アニメ,3.8,https://img.anikore.jp/images/anime/9/9/5/3995/3995.jpg?width=122&height=122&type=crop,常に女子のことばかりを考えている横寺陽人は、所属している陸上部の部長、鋼鉄の王から次期部長に指名される。しかし陽人はもともと水泳部の女の子の水着を見るという不純な動機で陸上部に所属していたため、... ▼もっと読む
47,あの夏で待ってる（TVアニメ動画）,2012年冬アニメ,3.7,https://img.anikore.jp/images/anime/4/3/8/3438/3438.jpg?width=122&height=122&type=crop,『その夏の思い出が、僕達の永遠になる』　　空は、とても青く澄み渡って。 入道雲が、向こうの山を隠すほどに湧き上がって。 それはいつもの、僕らの街の風景なんだけど。 でも、かけがえのない「夏」だっ... ▼もっと読む
48,四畳半神話大系（TVアニメ動画）,2010年春アニメ,4.0,https://img.anikore.jp/61lTIIn3F4L.jpg._AA240_.jpg?width=122&height=122&type=crop&category=amazon,『四畳半神話大系』（よじょうはんしんわたいけい）は、森見登美彦の小説。冴えない生活を送る京都大学3回生の「私」は、期待していたバラ色のキャンパスライフを求めてもう一度ピカピカの1回生に戻ってやり... ▼もっと読む
49,君に届け 2ND SEASON（TVアニメ動画）,2011年冬アニメ,4.0,https://img.anikore.jp/51pZipbIf7L.jpg._AA240_.jpg?width=122&height=122&type=crop&category=amazon,長い黒髪と陰気な見た目のせいで「貞子」と呼ばれ、クラスメイトたちから避けられてきた黒沼爽子。しかし、高校に入学し、明るく爽やかで男女問わず人気のある男の子・風早翔太との出会いから勇気をもらい、友... ▼もっと読む
50,ラブライブ！ School idol project(第2期)（TVアニメ動画）,2014年春アニメ,4.0,https://img.anikore.jp/images/anime/6/9/6/7696/7696.jpg?width=122&height=122&type=crop,"廃校を免れた音ノ木坂学院で、相変わらずの日々を過ごすμ’sのメンバー。
そんな彼女たちのもとに、「ラブライブ！」が再び開催されるというニュースが
舞い込む。今回は地区予選を勝ち進んだチームが... ▼もっと読む"
51,Free！（TVアニメ動画）,2013年夏アニメ,3.8,https://img.anikore.jp/images/anime/5/2/0/7520/7520.jpg?width=122&height=122&type=crop,"「七瀬遙」は、「水」にふれること――「泳ぐこと」が好きだった。

小学生のころ、同じスイミングクラブに通っていた「七瀬遙」「橘真琴」「松岡凛」「葉月渚」
彼らは、小学校卒業前の大会での優勝... ▼もっと読む"
52,天体のメソッド（TVアニメ動画）,2014年秋アニメ,3.6,https://img.anikore.jp/images/anime/0/5/0/8050/8050.jpg?width=122&height=122&type=crop,"「この町の空には、いつも円盤が共にあった――」
「願いをかなえるために、ここにいる――」

霧弥湖上空に現れた謎の円盤。
出現当時は世界中を大混乱に陥れたが、そこに留まるだけの円盤への恐... ▼もっと読む"
53,つり球（TVアニメ動画）,2012年春アニメ,3.7,https://img.anikore.jp/images/anime/6/3/3/3633/3633.jpg?width=122&height=122&type=crop,舞台は湘南・江の島。懐かしさと瑞々しさの同居した町。他人とのコミュニケーションが異常なほど苦手なため、これまでの人生でまともに友達がいた試しのない高校生・ユキ。ユキに釣りをさせようとする自称宇宙... ▼もっと読む
54,ワルキューレ ロマンツェ（TVアニメ動画）,2013年秋アニメ,3.5,https://img.anikore.jp/images/anime/6/1/1/7611/7611.jpg?width=122&height=122&type=crop,原作:ワルキューレ ロマンツェ[少女騎士物語] 監督:山本裕介 シリーズ構成:ふでやすかずゆき、キャラクターデザイン:桂憲一郎、音楽:ランティス 山下誠一郎、清水愛、瑞沢渓、中村繪里子、田口宏子... ▼もっと読む
55,3月のライオン（TVアニメ動画）,2016年秋アニメ,3.8,https://img.anikore.jp/images/anime/1/4/7/10147/10147.jpg?width=122&height=122&type=crop,主人公は、東京の下町に1人で暮らす17歳の将棋のプロ棋士・桐山零。深い孤独を抱える彼が、あかり・ひなた・モモの川本3姉妹と過ごす時間や、さまざまな棋士との対戦を経て、失ったものを少しずつ取り戻し... ▼もっと読む
56,長門有希ちゃんの消失（TVアニメ動画）,2015年春アニメ,3.5,https://img.anikore.jp/images/anime/1/6/7/8167/8167.jpg?width=122&height=122&type=crop,"これは、少し内気な普通の少女、長門有希の物語

「涼宮ハルヒ」シリーズのスピンオフ作品が、５年の時を経て、ついにアニメ化!
「涼宮ハルヒちゃんの憂鬱」のぷよが描く話題作がついにアニメ化!... ▼もっと読む"
57,クオリディア・コード（TVアニメ動画）,2016年夏アニメ,3.3,https://img.anikore.jp/images/anime/3/0/7/10307/10307.jpg?width=122&height=122&type=crop,"人類の敵――〈アンノウン〉と戦争を続ける世界。

数十年前の〈アンノウン〉侵攻時、コールドスリープ施設に避難させられていた子供たち­は、その眠りから目覚めたとき、己の身に超自然的な力――〈... ▼もっと読む"
58,覆面系ノイズ（TVアニメ動画）,2017年春アニメ,3.3,https://img.anikore.jp/images/anime/6/6/2/10662/10662.jpg?width=122&height=122&type=crop,"歌が大好きな少女 ニノは、幼馴染で初恋の相手 モモと、作曲が得意な少年 ユズ、それぞれと幼いころに離れ離れになってしまう。
「いつの日か、歌声を目印にニノを見つけ出す……」
二人と交わした約... ▼もっと読む"
59,メルヘン・メドヘン（TVアニメ動画）,2018年冬アニメ,3.1,https://img.anikore.jp/images/anime/4/0/7/11407/11407.jpg?width=122&height=122&type=crop,"「きみのためだけの、
物語を。」

物語が叶える、少女たちの願い。
世界に散らばった物語の原書。

少女たちは「原書」（＝メルヘン）と出逢い、
選ばれ、魔法を得てやがて「原書使い」... ▼もっと読む"
60,僕のヒーローアカデミア（第3期）（TVアニメ動画）,2018年春アニメ,3.5,https://img.anikore.jp/images/anime/4/9/5/11495/11495.jpg?width=122&height=122&type=crop,超常能力“個性”を持つ人間が当たり前の世界。No.1ヒーローのオールマイトと出会った“無個性”の少年・緑谷出久、通称「デク」は、その内に秘めるヒーローの資質を見出され、オールマイトから“個性”ワ... ▼もっと読む
61,サンリオ男子（TVアニメ動画）,2018年冬アニメ,3.0,https://img.anikore.jp/images/anime/0/6/5/11065/11065.jpg?width=122&height=122&type=crop,"――それは、思い出と共にしまいこんだぬいぐるみ。

長谷川康太はごく普通の男子高校生。夢もなく、なんとなしに日々を過ごしていた。
ひょんなことから同じ高校に通う水野祐がマイメロディを好きだ... ▼もっと読む"
62,凪のあすから（TVアニメ動画）,2013年秋アニメ,4.2,https://img.anikore.jp/images/anime/9/1/9/3919/3919.jpg?width=122&height=122&type=crop,海と地上、そのどちらにも人が暮らす世界。中学が廃校になり、幼なじみと共に地上の学校へ通うことになった海村の少年・先島光が転校初日目撃したのは、大切に守ってきた少女まなかが、地上の少年と特別な出会... ▼もっと読む
63,交響詩篇エウレカセブン（TVアニメ動画）,2005年春アニメ,4.1,https://img.anikore.jp/41183Q2S7CL.jpg._AA240_.jpg?width=122&height=122&type=crop&category=amazon,トラパーと呼ばれる粒子が大気中に含まれるある惑星。そこに空中を滑空するスポーツ「リフ」に夢中な14歳の少年、レントン。軍人になるか、家業のジャンク屋を継ぐか・・・ある意味見通しのいい人生にうんざ... ▼もっと読む
64,涼宮ハルヒの憂鬱 第2期（TVアニメ動画）,2009年春アニメ,3.9,https://img.anikore.jp/51YXROh1jIL.jpg._AA240_.jpg?width=122&height=122&type=crop&category=amazon,"「ただの人間には興味ありません。この中に宇宙人、未来人、異世界人、超能力者がいたら、あたしのところに来なさい。以上」
入学式後の自己紹介で、このぶっ飛んだ発言をした県立北高校の1年生「涼宮ハル... ▼もっと読む"
65,ハイスクールD×D（TVアニメ動画）,2012年冬アニメ,3.8,https://img.anikore.jp/images/anime/4/5/9/3459/3459.jpg?width=122&height=122&type=crop,"兵藤一誠は女生徒が極端に多い私立駒王学園に通う高校２年生。この学園に通う目的はただ１つ、この学園でハーレムを作る！
だけどハーレムどころか変態呼ばわりされ、当初の目的は壮大な妄想となっていた... ▼もっと読む"
66,やはり俺の青春ラブコメはまちがっている。続（TVアニメ動画）,2015年春アニメ,4.0,https://img.anikore.jp/images/anime/3/9/3/8393/8393.jpg?width=122&height=122&type=crop,"青春は残酷だ!?　ひねくれ男の妄言ラブコメ

孤独に負けず。

友達もなく、彼女もなく。青春を謳歌するクラスメイトを見れば「あいつらは嘘つきだ。欺瞞だ。爆発しろ」とつぶやき、将来の夢は... ▼もっと読む"
67,一週間フレンズ。（TVアニメ動画）,2014年春アニメ,3.9,https://img.anikore.jp/images/anime/8/5/4/7854/7854.jpg?width=122&height=122&type=crop,「私…トモダチの記憶、一週間で消えちゃうの──。」高校二年生の長谷祐樹は、人と一切関わろうとせずにいつも一人ぼっちでいたクラスメイト・藤宮香織の存在が気になり、彼女と友達になりたいと願う。しかし... ▼もっと読む
68,黒子のバスケ（TVアニメ動画）,2012年春アニメ,4.0,https://img.anikore.jp/images/anime/5/3/5/3535/3535.jpg?width=122&height=122&type=crop,バスケットボールの強豪として知られる帝光中学校は、特に「キセキの世代」と呼ばれる10年に1人の天才が5人同時に存在していた時は、無敗を誇っていた。時は流れ、彼らはそれぞれちがう高校に進学するが「... ▼もっと読む
69,銀の匙 Silver Spoon（TVアニメ動画）,2013年夏アニメ,3.8,https://img.anikore.jp/images/anime/5/3/3/7533/7533.jpg?width=122&height=122&type=crop,「寮があるから。」という志望動機で大蝦夷農業高等学校(エゾノー)に入学した八軒勇吾。札幌の進学校での厳しい学力競争に敗れ、ある意味、逃げるようにエゾノーに入学した彼は、広大な自然... ▼もっと読む
70,カレイドスター（TVアニメ動画）,2003年春アニメ,4.1,https://img.anikore.jp/images/anime/5/2/3/523/523.jpg?width=122&height=122&type=crop,"アメリカに、サーカスとミュージカル、マジックを組み合わせたようなエンターテイメントを提供する集団があった。その名を「カレイドステージ」という。
幼い頃に見たカレイドステージに憧れ、単身日本から... ▼もっと読む"
71,いなり、こんこん、恋いろは。（TVアニメ動画）,2014年冬アニメ,3.7,https://img.anikore.jp/images/anime/7/0/2/7702/7702.jpg?width=122&height=122&type=crop,伏見いなりは、同級生の丹波橋紅司に片想いをしているが、その想いをなかなか打ち明けられない日々を送っていた。ある日、いなりは宇迦之御魂神の御使いの狐・コンが川に落ちかけているところを助け、そのこと... ▼もっと読む
72,リトルバスターズ！ 〜Refrain〜（TVアニメ動画）,2013年秋アニメ,4.0,https://img.anikore.jp/images/anime/6/3/8/7638/7638.jpg?width=122&height=122&type=crop,"深く、どこまでも深く――。
理樹の意識は暗い闇へと沈んでいった。
壮絶な事態が進行する中で、理樹は何もすることができない無力感に苛まれた。
―なぜこんなことになってしまったのだろう―理樹は... ▼もっと読む"
73,スラムダンク-SLAM DUNK（TVアニメ動画）,1993年秋アニメ,4.1,https://img.anikore.jp/51rtyvwyJEL.jpg._AA240_.jpg?width=122&height=122&type=crop&category=amazon,中学3年間で50人もの女性にフラれた高校1年の不良少年・桜木花道は背の高さと身体能力からバスケットボール部の主将の妹、赤木晴子にバスケット部への入部を薦められる。彼女に一目惚れした「初心者」花道... ▼もっと読む
74,アオハライド（TVアニメ動画）,2014年夏アニメ,3.7,https://img.anikore.jp/images/anime/9/8/9/7989/7989.jpg?width=122&height=122&type=crop,中学生時代のとき、男子が苦手な双葉だったが「田中くん」だけ特別で大丈夫だった。夏休み中に田中くんは転校してしまい、自分の気持ちを伝えることができなかった。その後、男子にモテる双葉は女子からハブら... ▼もっと読む
75,銀の匙 Silver Spoon(第2期)（TVアニメ動画）,2014年冬アニメ,3.9,https://img.anikore.jp/images/anime/7/5/0/7750/7750.jpg?width=122&height=122&type=crop,"大蝦夷農業高校での生活は、時間との戦いだ。
実習、部活、寮の仕事、そしてエゾノー祭の準備…
日はどんどん短くなる。断らない男・八軒は、断れない男でもある。
誰よりも忙しい八軒の秋は、めまぐ... ▼もっと読む"
76,黒子のバスケ(第2期)（TVアニメ動画）,2013年秋アニメ,3.9,https://img.anikore.jp/images/anime/6/0/0/7600/7600.jpg?width=122&height=122&type=crop,"誠凛高校バスケ部は、ウィンターカップでの『キセキの世代』との全面戦争へ向けて、激しい練習を積んでいた。
そんなある休日ストリートバスケの大会に参加した黒子たちは、会場で火神のアメリカ時代の兄貴... ▼もっと読む"
77,ピンポン（TVアニメ動画）,2014年春アニメ,4.1,https://img.anikore.jp/images/anime/8/6/4/7864/7864.jpg?width=122&height=122&type=crop,原作:松本大洋(小学館 ビッグスピリッツコミック刊)、監督:湯浅政明、ペコとスマイルの、片瀬高校卓球部に所属する幼馴染の2人が主人公。ペコは卓球は強いが自分の才能に自惚れていると... ▼もっと読む
78,テニスの王子様（TVアニメ動画）,2001年秋アニメ,3.8,https://img.anikore.jp/51ENWB6EQHL.jpg._AA240_.jpg?width=122&height=122&type=crop&category=amazon,"アメリカのテニスJr.大会で4連続優勝経験のある天才少年・越前リョーマは、帰国してテニスの名門校・青春学園中等部のテニス部に入部。
校内ランキング戦（レギュラーを決める校内の大会）で、1年生な... ▼もっと読む"
79,桜Trick（TVアニメ動画）,2014年冬アニメ,3.5,https://img.anikore.jp/images/anime/6/7/8/7678/7678.jpg?width=122&height=122&type=crop,廃校を三年後に控えた高校に通う春香と優。二人が、互いを「特別なもの」とするために行った「キス」は二人の関係をより深めていく…。楽しくも切ない女の子同士の青春。甘酸っぱい気持ちをあなたに届けます！ ▼もっと読む
80,STAR DRIVER輝きのタクト-スタードライバー（TVアニメ動画）,2010年秋アニメ,3.8,https://img.anikore.jp/61UwnnIMfNL.jpg._AA240_.jpg?width=122&height=122&type=crop&category=amazon,日本南方に浮かぶ島・南十字島。ある夜、島の海辺にツナシ・タクトという少年が流れ着く。本土から身一つで泳いできたタクトは島の学校・南十字学園高等部へ入学し、その明るく前向きな性格で、アゲマキ・ワコ... ▼もっと読む
81,SKET DANCE[スケットダンス]（TVアニメ動画）,2011年春アニメ,3.8,https://img.anikore.jp/images/anime/2/8/3/2283/2283.jpg?width=122&height=122&type=crop,人助けの部活動にも関わらず依頼がなくグダグダしていたスケット団に、依頼者の山中一郎が現れた。彼曰く、中学のときから付き合っていた『なっちゃん』に突然理由も無く別れを告げられ困っているとのこと。彼... ▼もっと読む
82,冴えない彼女の育てかた♭（TVアニメ動画）,2017年春アニメ,3.8,https://img.anikore.jp/images/anime/6/0/8/9608/9608.jpg?width=122&height=122&type=crop,オタク高校生の「安芸倫也」は桜舞い散る坂道で、ある少女と運命的な出会いをする。インスピレーションを受けた倫也は、その少女をメインヒロインにしたギャルゲーの制作を思いつき、同学年の美術部エース「澤... ▼もっと読む
83,幸腹グラフィティ（TVアニメ動画）,2015年冬アニメ,3.6,https://img.anikore.jp/images/anime/1/5/5/8155/8155.jpg?width=122&height=122&type=crop,"一人暮らしをする中学生・町子リョウ。一緒に住んでいた祖母を亡くしたあと、なぜかどんな料理も美味しいと感じられなくなってしまいます。
そんなとき、同い年のはとこ・きりんが泊まりにくることに。
... ▼もっと読む"
84,夏色キセキ（TVアニメ動画）,2012年春アニメ,3.5,https://img.anikore.jp/images/anime/5/4/8/3548/3548.jpg?width=122&height=122&type=crop,人気声優の4人組ユニット「スフィア」が、12年放送予定のオリジナルテレビアニメ「夏色キセキ」で主演を務めることが明らかになった。メンバー4人全員で主演を務めるのは初めてといい、監督は「機動戦士ガ... ▼もっと読む
85,Free！ Eternal Summer（TVアニメ動画）,2014年夏アニメ,3.8,https://img.anikore.jp/images/anime/0/0/7/8007/8007.jpg?width=122&height=122&type=crop,"前回の大会を経て、更に絆を深めた遙、真琴、渚、怜。
いつもと変わらない日常の中、それぞれの成長した姿を見せていた。
一方、凛は過去の自分を乗り越えて自分の夢へと走り出し、
そして新たな仲間... ▼もっと読む"
86,謎の彼女X（TVアニメ動画）,2012年春アニメ,3.5,https://img.anikore.jp/images/anime/6/3/0/3630/3630.jpg?width=122&height=122&type=crop,普通の高校生・椿明（つばきあきら）は放課後に、クラスに転校してきた謎の美少女・卜部美琴（うらべみこと）が机に残した「よだれ」を舐めてしまう。翌日から原因不明の高熱を出し５日間寝込んでしまう椿。5... ▼もっと読む
87,クズの本懐（TVアニメ動画）,2017年冬アニメ,3.6,https://img.anikore.jp/images/anime/5/2/7/10527/10527.jpg?width=122&height=122&type=crop,報われない恋 切ない恋 片想い それってそんなに美しい物ですか 高校二年生の安楽岡花火は、叶わぬ恋に身を焦がしていた。大事な人を傷つけ、傷つけられながらも求めてしまう人のぬくもり。これは、あまり... ▼もっと読む
88,君のいる町（TVアニメ動画）,2013年夏アニメ,3.4,https://img.anikore.jp/images/anime/5/5/9/7559/7559.jpg?width=122&height=122&type=crop,桐島青大は、突然別れを告げて消えた枝葉柚希を追って、故郷・広島を後に東京へ向かう。そこで出会った、気が強く、胸が小さいことを気にする御島明日香、長髪で女好きの風間恭輔、そして、柚希の奔放な妹・懍... ▼もっと読む
89,げんしけん（TVアニメ動画）,2004年秋アニメ,3.7,https://img.anikore.jp/images/anime/7/0/4/704/704.jpg?width=122&height=122&type=crop,"笹原完士は大学入学を機にそれまで秘めていた「漫画・アニメ・ゲーム」への思いを分かち合えるサークルへ入ることを決意した新入生。
見学で訪れた「現代視覚文化研究会(げんしけん)」の... ▼もっと読む"
90,放浪息子（TVアニメ動画）,2011年冬アニメ,3.7,https://img.anikore.jp/images/anime/2/7/4/2274/2274.jpg?width=122&height=122&type=crop,「女の子になりたい男の子」二鳥修一はその気持ちを押し隠していたが、あるときクラスメイトのさおりに女装しているところを見つかってしまう。以前から修一に好意を持っていたさおりは、それから修一に積極的... ▼もっと読む
91,彼氏彼女の事情（TVアニメ動画）,1998年秋アニメ,3.8,https://img.anikore.jp/images/anime/1/2/4/2124/2124.jpg?width=122&height=122&type=crop,県内随一の進学校である県立北栄高校の一年生、宮沢雪野は自他共に認める成績優秀・スポーツ万能・容姿端麗の優等生。しかし彼女の実態は虚栄心の塊で、賞賛を浴びる為だけに日々たゆまぬ努力をこなし優等生を... ▼もっと読む
92,キズナイーバー（TVアニメ動画）,2016年春アニメ,3.5,https://img.anikore.jp/images/anime/1/8/3/10183/10183.jpg?width=122&height=122&type=crop,"舞台は、埋立地に作られた街・洲籠市。

かつては未来型都市として栄えたこの街に住む高校生・阿形勝平は、なぜか痛みを感じない不思議な身体を持っていた。

夏休み目前となったある日、勝平は謎... ▼もっと読む"
93,初恋限定。(初恋リミテッド)（TVアニメ動画）,2009年春アニメ,3.7,https://img.anikore.jp/51zoSRyCZpL.jpg._AA240_.jpg?width=122&height=122&type=crop&category=amazon,"雪ノ下中学の二年生、有原あゆみは、男の子から愛の告白をされることを夢見ていた。
その願いはある日、最悪の形で叶うことになった。野獣のような風貌の高校生・財津操から告白されてしまったのだ。操が恐... ▼もっと読む"
94,君と僕。 第2期 （TVアニメ動画）,2012年春アニメ,3.9,https://img.anikore.jp/images/anime/4/7/2/3472/3472.jpg?width=122&height=122&type=crop,熱血からは程遠い、でもこれが青春ってやつですか！？ 双子の兄弟、悠太＆祐希と要、春は幼稚園からの幼なじみ。 仲がいいのか悪いのかいまいち微妙なところだが、高校生になった今もつるんでいる。最近は転... ▼もっと読む
95,Classroom☆Crisis（クラスルームクライシス）（TVアニメ動画）,2015年夏アニメ,3.5,https://img.anikore.jp/images/anime/3/6/8/9368/9368.jpg?width=122&height=122&type=crop,"火星に作られた日本の新たな都道府県のひとつ、「第４東京都」。この都市の経済特区である「霧科市」に、
航空宇宙事業で名をあげた超一流企業、「霧科コーポレーション」があった。
この会社は様々なジ... ▼もっと読む"
96,蒼の彼方のフォーリズム（TVアニメ動画）,2016年冬アニメ,3.5,https://img.anikore.jp/images/anime/0/5/3/9053/9053.jpg?width=122&height=122&type=crop,"反重力シューズ・グラシュの発明で人間が空を飛ぶことが普通になり、グラシュを使った新しいスカイスポーツ「フライングサーカス」(FC)が行われている世界。

かつてFCの有望選手... ▼もっと読む"
97,ラブライブ！ サンシャイン！！（TVアニメ動画）,2016年夏アニメ,3.6,https://img.anikore.jp/images/anime/3/4/7/10347/10347.jpg?width=122&height=122&type=crop,"「学校」で「アイドル」!!!
輝きを目指して立ち上がる9人の少女たちの青春学園ドラマ、スタート!

私たち、輝きたい! ▼もっと読む"
98,ハイキュー！！ 烏野高校 VS 白鳥沢学園高校（TVアニメ動画）,2016年秋アニメ,4.0,https://img.anikore.jp/images/anime/5/3/3/10533/10533.jpg?width=122&height=122&type=crop,"「堕ちた強豪、飛べない烏」―――。
かつてそう呼ばれた烏野高校が、ついに辿り着いた“頂""の舞台。
春の高校バレー宮城県代表決定戦、決勝。

インターハイ予選準決勝で青葉城... ▼もっと読む"
99,めぞん一刻（TVアニメ動画）,1986年春アニメ,4.1,https://img.anikore.jp/41PD4KZJ43L.jpg._AA240_.jpg?width=122&height=122&type=crop&category=amazon,時計塔のある古い木造二階建てアパート一刻館。そこには詮索好きで宴会好きの一の瀬夫人、年齢、職業不詳でのぞきが趣味という四谷さん、スナック「茶々丸」に勤める六本木朱美、浪人生の五代裕作が住んでいる... ▼もっと読む
100,恋と嘘（TVアニメ動画）,2017年夏アニメ,3.5,https://img.anikore.jp/images/anime/1/0/4/11104/11104.jpg?width=122&height=122&type=crop,満16歳になると結婚相手が通知される超・少子化対策基本法、通称ゆかり法が施行されている世界を舞台に、少年少女たちの未熟で儚い禁断の恋模様を描く。 ▼もっと読む
101,大正野球娘。（TVアニメ動画）,2009年夏アニメ,3.7,https://img.anikore.jp/images/anime/3/5/0/1350/1350.jpg?width=122&height=122&type=crop,"時は大正14年――。良家の子女が集う東邦星華高等女学院に通う鈴川小梅に、親友の小笠原晶子が声を掛けた。「一緒に野球をしていただきたいの!」
突然のお願いに、思わず頷いてしまう小梅。
しかし... ▼もっと読む"
102,はじめてのギャル（TVアニメ動画）,2017年夏アニメ,3.3,https://img.anikore.jp/images/anime/9/4/6/10946/10946.jpg?width=122&height=122&type=crop,DT（童貞）を捨てたいと悩む非リア充高校生・羽柴ジュンイチが「ギャルに土下座で頼めば卒業できる」という迷信を聞き、クラスのギャル・八乙女ゆかなに土下座で告白したところ、まさかの大成功。しかし、身... ▼もっと読む
103,ラブひな（TVアニメ動画）,2000年春アニメ,3.4,https://img.anikore.jp/images/anime/5/4/1/1541/1541.jpg?width=122&height=122&type=crop,浦島景太郎は東大目指して二浪中、19歳。子供のころ、女の子と約束した「一緒に東大へ行く」という約束を果たすため、日々、勉強に勤しんでいる。ある日、祖母に呼ばれて“ひなた旅館”にやってきた景太郎は... ▼もっと読む
104,ひなこのーと（TVアニメ動画）,2017年春アニメ,3.4,https://img.anikore.jp/images/anime/8/4/2/10842/10842.jpg?width=122&height=122&type=crop,"桜木ひな子は人前に出るとかかしのようにかたまってしまう女の子。
動物に好かれるため、田舎では本当にかかしとして働いていた彼女だったが、口下手で人と話すことが苦手な自分を変えるため、憧れの演劇部... ▼もっと読む"
105,イタズラなKiss（TVアニメ動画）,2008年春アニメ,3.7,https://img.anikore.jp/51bi1tybyeL.jpg._AA240_.jpg?width=122&height=122&type=crop&category=amazon,"斗南高校の入学式でF組の相原琴子はA組の入江直樹に一目惚れしてしまう。3年生になり、2年間の想いをラブレターに託し勇気を出して告白するも「頭の悪い女は嫌いだ」とあっさり振られる。
直樹への気持... ▼もっと読む"
106,プリンス・オブ・ストライド　オルタナティブ（TVアニメ動画）,2016年冬アニメ,3.5,https://img.anikore.jp/images/anime/1/2/3/10123/10123.jpg?width=122&height=122&type=crop,高校の部活動に始まり、全国的に人気を得つつある《ストライド》だったが、方南学園高校のストライド部は廃部寸前の状態に陥っていた。そんなストライド部にやってきた新入生の藤原尊と桜井奈々は、ストライド... ▼もっと読む
107,がくえんゆーとぴあ まなびストレート！（TVアニメ動画）,2007年冬アニメ,3.7,https://img.anikore.jp/51Jfuq1MSqL.jpg._AA240_.jpg?width=122&height=122&type=crop&category=amazon,価値観の多様化がさらに進んだ2035年、高校へ行くことがあたりまえでなくなった時代・・・。　少子化が進み、生徒数の減少から廃校の危機に立たされる学校も多くなっていた。そんな活気を無くした学校のひ... ▼もっと読む
108,かりん（TVアニメ動画）,2005年秋アニメ,3.4,https://img.anikore.jp/51X4nce5lsL.jpg._AA240_.jpg?width=122&height=122&type=crop&category=amazon,椎八場市に住む女子高生・真紅果林には人に言えない秘密があった。それは、自分が吸血鬼一家に生まれた事だ。幼い時から吸血鬼の何たるかを教えられて育ったが、なぜか血が増える増血鬼として覚醒してしまう。... ▼もっと読む
109,ラーメン大好き小泉さん（TVアニメ動画）,2018年冬アニメ,3.4,https://img.anikore.jp/images/anime/2/2/7/11227/11227.jpg?width=122&height=122&type=crop,"今日もどこかで、彼女はラーメンを食べているー
クールで無口な美人女子高生の小泉さんは毎日おいしいラーメンを求めて食べ歩く生粋の“ラーメン通”だった。
小泉さんはラーメン以外のことには興味がな... ▼もっと読む"
110,ラムネ（TVアニメ動画）,2005年秋アニメ,3.3,https://img.anikore.jp/images/anime/8/1/0/810/810.jpg?width=122&height=122&type=crop,ある夏の日、都会から海岸沿いの小さな町に引っ越してきた幼い主人公と妹。様々な出会いと思い出を重ね、やがて気づく「お互いの距離」。「普通の日々」が特別なものであったと気づいた時、主人公とヒロインた... ▼もっと読む
111,To Heart [トゥーハート]（TVアニメ動画）,1999年春アニメ,3.6,https://img.anikore.jp/519KGY3NDAL.jpg._AA240_.jpg?width=122&height=122&type=crop&category=amazon,クセのある可愛いキャラクターと純愛を描いたシナリオで大ブームを巻き起こし、コンシューマ移植もされたパソコンのノベルゲームを全年齢対象でＴＶ化。キャラクターの交流と日常生活を丹念に描いて好評を博... ▼もっと読む
112,妖怪アパートの幽雅な日常（TVアニメ動画）,2017年夏アニメ,3.2,https://img.anikore.jp/images/anime/1/5/3/11153/11153.jpg?width=122&height=122&type=crop,両親を亡くしたため、親戚の家で肩身の狭い生活をしていた稲葉夕士は、高校入学を機に一人暮らしを決意する。そこで見つけた格安の下宿先「寿荘」。しかし、そこはなんと妖怪・幽霊・人間が入り混じる奇妙な「... ▼もっと読む
113,YAWARA！（TVアニメ動画）,1989年秋アニメ,3.8,https://img.anikore.jp/images/anime/1/9/5/3195/3195.jpg?width=122&height=122&type=crop,『20世紀少年』などで知られる漫画家・浦沢直樹の人気柔道コミックをアニメ化。浦沢作品初のアニメ化であると同時に、製作のマッドハウスが約10年ぶりに手がけたTVシリーズでもある。武蔵山高校2年生・... ▼もっと読む
114,あしたのジョー2（TVアニメ動画）,1980年秋アニメ,4.1,https://img.anikore.jp/images/anime/0/9/6/96/96.jpg?width=122&height=122&type=crop,力石徹の死後、逃げるようにリングを離れ、街から街へ流れ続けた矢吹丈。しかしかつてのライバルたちに出会うことで、再びリングに立つことを決意する。カーロス・リベラ、金　竜飛といった数々の世界ランカー... ▼もっと読む
115,南鎌倉高校女子自転車部（TVアニメ動画）,2017年冬アニメ,3.1,https://img.anikore.jp/images/anime/6/2/9/10629/10629.jpg?width=122&height=122&type=crop,"高校入学をきっかけに長崎から鎌倉へ引っ越してきた女の子、毎春ひろみ。
新しい土地に新しい学校、そして新しい友だち。
そんなわくわくする日常との出会いではいつも自転車といっしょ!
鎌倉を舞台... ▼もっと読む"
116,ナナマル サンバツ（TVアニメ動画）,2017年夏アニメ,3.1,https://img.anikore.jp/images/anime/0/2/4/11024/11024.jpg?width=122&height=122&type=crop,"文蔵高校、新入生歓迎会。1年生の越山識は、クイズ研究会による＜新入生早押しクイズ退会＞に思いがけず参加させられてしまう。
読書好きで目立つことが嫌いな識は慌てるなか、同じクラスの深見真理は、ク... ▼もっと読む"
117,DIVE！！（TVアニメ動画）,2017年夏アニメ,3.2,https://img.anikore.jp/images/anime/0/1/0/11010/11010.jpg?width=122&height=122&type=crop,"中学二年生の坂井知季は、水泳の飛び込みに励む毎日。
始めたきっかけは幼い頃に見た３つ年上の富士谷要一の美しい飛び込みに魅了されたこと。
友人の陵、レイジとともにミズキダイビングクラブ・通称M... ▼もっと読む"
118,いつだって僕らの恋は10センチだった。（TVアニメ動画）,2017年秋アニメ,3.4,https://img.anikore.jp/images/anime/3/9/9/11399/11399.jpg?width=122&height=122&type=crop,桜丘高校の入学式。合田美桜と芹沢春輝は桜の樹の下で出会う。 「美しい桜って書いて、美桜」 「俺は春輝。春が輝く」 春生まれの二人は親近感を覚える。 それ以来、気づいたらお互いは目で追うようになっ... ▼もっと読む
119,エースをねらえ！（TVアニメ動画）,1973年秋アニメ,3.8,https://img.anikore.jp/311GS6ZYSSL.jpg._AA240_.jpg?width=122&height=122&type=crop&category=amazon,テニスの名門・西高の岡ひろみは、トッププレイヤーお蝶夫人に憧れて女子テニス部に入部した１年生。新任コーチ・宗方のシゴキはきついけれど、親友の牧といっしょにノンキなクラブ生活を送っていた。ところが... ▼もっと読む
120,ぺとぺとさん（TVアニメ動画）,2005年夏アニメ,3.5,https://img.anikore.jp/51Q0PNKSPXL.jpg._AA240_.jpg?width=122&height=122&type=crop&category=amazon,"作品は人間と妖怪が共存する田舎町を舞台に、この住民の日常生活を描く。
山河に囲まれ、工場と山寺が豊富にあるが、「女未（にょみ）の里」と呼ばれる鮎川町（あゆかわまち）の多くに存在するのは「妹」で... ▼もっと読む"
121,スタミュ 2期（TVアニメ動画）,2017年春アニメ,3.6,https://img.anikore.jp/images/anime/0/7/2/11072/11072.jpg?width=122&height=122&type=crop,"「夢を諦める方法なんて、知らない――」
『憧れの高校生』を追って、音楽芸能分野の名門・綾薙学園に入学した星谷悠太。
1年間に渡る入科テストを無事クリアし、2年生から晴れてミュージカル学科生と... ▼もっと読む"
122,ドリフェス！！！！！！（TVアニメ動画）,2016年秋アニメ,2.8,https://img.anikore.jp/images/anime/5/7/1/10571/10571.jpg?width=122&height=122&type=crop,"ある日突然、レジェンドアイドル三神遙人によってスカウトされた高校2年生の主人公・天宮奏。
同じ事務所のアイドルたちの熱い想いを目の当たりにし、負けじとアイドル活動に夢中になっていく。
そして... ▼もっと読む"
123,彼女が漢字を好きな理由。（Webアニメ）,2015年9月13日,3.3,https://img.anikore.jp/images/anime/1/3/3/10133/10133.jpg?width=122&height=122&type=crop,"漢字が大好きな女の子、平井春香と、彼女を好きになった相良祐介。
２人の高校生が織りなす、もどかしくも甘酸っぱい、漢字がもたらす恋物語です。 ▼もっと読む"
124,ひかり ～刈谷をつなぐ物語～（Webアニメ）,2016年3月28日,3.2,https://img.anikore.jp/images/anime/5/2/9/10529/10529.jpg?width=122&height=122&type=crop,"愛知県・刈谷市観光協会が、刈谷市制65周年記念事業の一環として、同市を舞台にしたショートアニメーション『ひかり ～刈谷をつなぐ物語～』を制作。

刈谷市内のとある高校駅伝部。そこには地区大会... ▼もっと読む"
125,電波女と青春男（TVアニメ動画）,2011年春アニメ,3.8,https://img.anikore.jp/513XYSPvWXL.jpg._AA240_.jpg?width=122&height=122&type=crop&category=amazon,宇宙人が見守ると噂される町で、叔母の家に住む事になった主人公・丹羽真。彼を待ち受けていたのは、布団で簀巻きになった電波女だった！しかも、地球は狙われているだの、自分は宇宙人の血を引くだの、言動も... ▼もっと読む
126,男子高校生の日常（TVアニメ動画）,2012年冬アニメ,3.9,https://img.anikore.jp/images/anime/5/1/5/3515/3515.jpg?width=122&height=122&type=crop,「○×県立真田北高校」（男子校）に通う男子高校生たちの、日常の中の笑いを描くギャグ漫画。公式配信サイト上でも、部活シーンや恋愛といった劇的な展開すら起こらない、リアルな日常をテーマにした作品であ... ▼もっと読む
127,ヨスガノソラ（TVアニメ動画）,2010年秋アニメ,3.6,https://img.anikore.jp/51MrcOiQa9L.jpg._AA240_.jpg?width=122&height=122&type=crop&category=amazon,両親を突然の交通事故で亡くし、双子の妹・穹と二人きりになった春日野悠は、都市部から離れた山里にある奥木染町（おくこそめちょう）に移り、父親の実家であり、かつてその地で医者を営んでいた亡き祖父の家... ▼もっと読む
128,冴えない彼女の育てかた（TVアニメ動画）,2015年冬アニメ,3.9,https://img.anikore.jp/images/anime/9/7/2/7972/7972.jpg?width=122&height=122&type=crop,春休み、アニメBD購入費用を得るためのアルバイト中のオタク・安芸倫也は、桜の舞う坂道で出会った少女に興味を抱き、その少女をメインヒロインのモデルにした同人ゲーム作成を思いつく。1ヶ月後、その少女... ▼もっと読む
129,リトルバスターズ！（TVアニメ動画）,2012年秋アニメ,3.8,https://img.anikore.jp/images/anime/6/9/3/3693/3693.jpg?width=122&height=122&type=crop,あの，一番辛かった日々。毎日ふさぎ込んでいた日々。そんな僕の前に，四人の男の子が現れて，僕に手を差しのばしてくれたんだ。「強敵があらわれたんだ！　きみの力がひつようなんだ！」そう彼らは訴え，僕の... ▼もっと読む
130,さんかれあ（TVアニメ動画）,2012年春アニメ,3.6,https://img.anikore.jp/images/anime/5/8/8/3588/3588.jpg?width=122&height=122&type=crop,紫陽町に住んでいるゾンビ大好き高校生降谷千紘は、夜ごと怪しげな古文書を片手に、事故死した飼い猫ばーぶの蘇生を試みていた。ある夜、蘇生秘薬を作っていたいた千紘は、川向こうのお嬢様高校に通う美少女、... ▼もっと読む
131,ゴールデンタイム（TVアニメ動画）,2013年秋アニメ,3.7,https://img.anikore.jp/images/anime/6/3/3/7633/7633.jpg?width=122&height=122&type=crop,東京のとある私立大学の法学部に入学した主人公・多田万里は、入学式の後に行われる新入生オリエンテーションの会場である学部キャンパスへ移動中、道に迷ってしまう。同じく道に迷ってしまった同学部の新入生... ▼もっと読む
132,のうりん（TVアニメ動画）,2014年冬アニメ,3.6,https://img.anikore.jp/images/anime/6/7/1/7671/7671.jpg?width=122&height=122&type=crop,県立田茂農林高校―通称『のうりん』。ぼくの名前は畑耕作。ここ『のうりん』に通う、ちょっぴりアイドルオタクな高校生だ。そんなぼくの通う学校に転校してきたのは、憧れの超人気アイドル草壁ゆかたん…!?... ▼もっと読む
133,花物語（TVアニメ動画）,2014年夏アニメ,3.9,https://img.anikore.jp/images/anime/9/1/6/7916/7916.jpg?width=122&height=122&type=crop,神原駿河は幼い頃に死別した母から干からびた猿の手のようなミイラを譲り受けていた。曰く、その手に願えば、どんな願いでも三つだけ叶えられるという。しかし、その猿の手は、願いを叶える代償として最終的に... ▼もっと読む
134,監獄学園 - プリズン スクール -（TVアニメ動画）,2015年夏アニメ,4.0,https://img.anikore.jp/images/anime/0/8/6/9086/9086.jpg?width=122&height=122&type=crop,男子生徒5人、女子生徒1000人の学園を舞台に、女風呂を覗いた罪で、裏生徒会の手により懲罰棟に投獄された5人の学園生活を描くコメディ。 ▼もっと読む
135,この中に1人、妹がいる！　（TVアニメ動画）,2012年夏アニメ,3.4,https://img.anikore.jp/images/anime/7/2/8/3728/3728.jpg?width=122&height=122&type=crop,世界的大企業、帝野グループの社長、帝野熊五郎の没後、息子の帝野将悟は父の遺言に従ってグループの社長の座を継ぐことを決意した。熊五郎はグループを息子に継がせる条件として、特訓を行って1年で社員全員... ▼もっと読む
136,kiss×sis キスシス（TVアニメ動画）,2010年春アニメ,3.5,https://img.anikore.jp/518YxNdrwWL.jpg._AA240_.jpg?width=122&height=122&type=crop&category=amazon,"住之江圭太は高校受験を間近に控えた中学3年生の男子。幼い頃に親が再婚したことで、可愛い双子の姉妹・あこ＆りこと姉弟になった。
血の繋がりこそないが仲良く成長した3人だが、いつの間にかあことりこ... ▼もっと読む"
137,お兄ちゃんのことなんかぜんぜん好きじゃないんだからねっ！！（TVアニメ動画）,2011年冬アニメ,3.2,https://img.anikore.jp/images/anime/2/8/0/2280/2280.jpg?width=122&height=122&type=crop,高校1年の少女・高梨奈緒は、1つ上の兄・修輔、父・修司、母・菜々香との4人暮らし。実は修輔が（変態チックに）大好きなブラコン。一方の兄・修輔は、女の子（妹を含む）が少し気になり過ぎる、ちょっとエ... ▼もっと読む
138,生徒会役員共＊（第2期）（TVアニメ動画）,2014年冬アニメ,3.8,https://img.anikore.jp/images/anime/7/6/3/7763/7763.jpg?width=122&height=122&type=crop,少子化の影響で女子校から共学となった私立桜才学園高等部の学生・タカトシは、ひょんなことから生徒会副会長に就任する。しかし生徒会のメンバーは変人ばかりで…。 ▼もっと読む
139,ROBOTICS;NOTES [ロボティクスノーツ]（TVアニメ動画）,2012年秋アニメ,3.6,https://img.anikore.jp/images/anime/7/0/8/3708/3708.jpg?width=122&height=122&type=crop,2019年。世界線変動率「1.048596」。フォンドロイド――通称『ポケコン』の普及により、拡張現実が身近な存在となった近未来の種子島。そんな島にある中央種子島高校『ロボット研究部』は廃部の危... ▼もっと読む
140,咲-Saki- 阿知賀編 episode of side-A（TVアニメ動画）,2012年春アニメ,3.8,https://img.anikore.jp/images/anime/4/4/4/3444/3444.jpg?width=122&height=122&type=crop,地元、阿知賀女子学院で開かれていた「阿知賀こども麻雀クラブ」に通う高鴨穏乃と新子憧は東京からやってきた転校生・原村和をその麻雀教室に誘う。そこには１つ年上の松実玄やコーチをしている大学生の赤土晴... ▼もっと読む
141,ハイキュー！！（TVアニメ動画）,2014年春アニメ,4.0,https://img.anikore.jp/images/anime/7/6/4/7764/7764.jpg?width=122&height=122&type=crop,"ふとしたきっかけでバレーボールに魅せられた少年、日向翔陽。
部員がいない逆風にも負けず、やっとの思いで出場した
中学最初で最後の公式戦で、日向のチームは「コート上の王様」
と異名 を取る天... ▼もっと読む"
142,Aチャンネル（TVアニメ動画）,2011年春アニメ,3.6,https://img.anikore.jp/images/anime/4/8/0/2480/2480.jpg?width=122&height=122&type=crop,「Aチャンネル」は学園コメディ。天然かつドジッ子のるん、その幼馴染でるんが大好きなトオル、弱気な関西娘ユー子、ツッコミ役のナギの個性的な4人が織り成すハイスクールライフが描かれている。 ▼もっと読む
143,ef - a tale of melodies.（TVアニメ動画）,2008年秋アニメ,4.1,https://img.anikore.jp/images/anime/2/5/8/1258/1258.jpg?width=122&height=122&type=crop,天才美少女の広野凪にいつも振り回されている火村夕は、ある日、雨宮優子と言う不思議な少女と出会う。優子は夕の事を知っているようだが、彼女の事は夕の記憶には無かった。優子は、夕に不可解な言葉を残して... ▼もっと読む
144,おおきく振りかぶって（TVアニメ動画）,2007年春アニメ,4.0,https://img.anikore.jp/41V3Z7JpoDL.jpg._AA240_.jpg?width=122&height=122&type=crop&category=amazon,主人公の三橋廉（みはし れん）は中学時代、祖父の経営する群馬県の三星学園野球部でエース投手だったが、チームメイトからは「『ヒイキ』でエースをやらせてもらっている」と疎まれ続け、極端に卑屈な暗い性... ▼もっと読む
145,宙のまにまに（TVアニメ動画）,2009年夏アニメ,3.6,https://img.anikore.jp/61DsPDLN98L.jpg._AA240_.jpg?width=122&height=122&type=crop&category=amazon,主人公・大八木朔は、かつて暮らしていた町に引っ越してきた高校生。朔は読書好きで、静かで平凡な学園生活を望んでいた。\\nしかし、そんな朔の前に現れたのは、過去にこの町に住んでいた時の幼なじみ、明... ▼もっと読む
146,灰と幻想のグリムガル（TVアニメ動画）,2016年冬アニメ,3.8,https://img.anikore.jp/images/anime/1/8/9/10189/10189.jpg?width=122&height=122&type=crop,"薄暗い森の中、わずか2体のゴブリンを相手に苦戦を強いられている6人の少年少女がいた。
盗賊のハルヒロ、暗黒騎士のランタ、神官のマナト、戦士のモグゾー、狩人のユメ、魔法使いのシホル。
彼らには... ▼もっと読む"
147,To LOVEる－とらぶる－ダークネス（TVアニメ動画）,2012年秋アニメ,3.9,https://img.anikore.jp/images/anime/7/1/4/3714/3714.jpg?width=122&height=122&type=crop,物語は『TL』最終回の数日後から始まる。ララが結城家の居候となってからリトの日常は大きく変化し、現在の結城家は、従来の住人であるリト、美柑の兄妹に加え、ララや彼女の妹であるナナ・アスタ・デビルー... ▼もっと読む
148,寄生獣 セイの格率（TVアニメ動画）,2014年秋アニメ,3.8,https://img.anikore.jp/images/anime/9/8/3/7983/7983.jpg?width=122&height=122&type=crop,ある日、空から多数の正体不明の生物が飛来してきた。その生物は鼻腔や耳介から人間の頭に侵入し、脳に寄生して全身を支配し、他の人間を捕食するという性質を持っていた。寄生後も見た目は人間そっくりに擬態... ▼もっと読む
149,食戟のソーマ（TVアニメ動画）,2015年春アニメ,3.9,https://img.anikore.jp/images/anime/8/2/7/8827/8827.jpg?width=122&height=122&type=crop,"下町の定食屋の息子・幸平創真は、家業を手伝いながら、父・城一郎を越えるべく料理修業に励む日々を過ごしていた。

中学校卒業後は家業を継ごうと考えていたが、城一郎は店を数年閉めると宣言し、海外... ▼もっと読む"
150,ZEGAPAIN ゼーガペイン（TVアニメ動画）,2006年春アニメ,3.7,https://img.anikore.jp/51SMrH4NYGL.jpg._AA240_.jpg?width=122&height=122&type=crop&category=amazon,未来的にデザインされた街・舞浜市に住み、近郊の高校に通う普通の学生、キョウ。たった1人で水泳部を切り盛りする彼は、中学以来の因縁を持ち難癖をつけてくる宿敵達とのいざこざも意に介せず、練習と水泳部... ▼もっと読む
151,半分の月がのぼる空（TVアニメ動画）,2006年冬アニメ,3.6,https://img.anikore.jp/51X61DP11RL.jpg._AA240_.jpg?width=122&height=122&type=crop&category=amazon,"ある病院を舞台に繰り広げられる、平凡な高校生と心臓病の少女との心の交流を描く。
高校2年の冬、突然の肝炎で入院することになった裕一。病状は回復し、病院を抜け出しては看護師に叱られる毎日。そんな... ▼もっと読む"
152,弱虫ペダル（TVアニメ動画）,2013年秋アニメ,3.8,https://img.anikore.jp/images/anime/6/1/3/7613/7613.jpg?width=122&height=122&type=crop,原作:渡辺航(秋田書店「週刊少年チャンピオン」連載) 監督:鍋島修 シリーズ構成:吉田玲子、キャラクターデザイン:吉田隆彦、メカニックデザイン:水村良男、メインアニメーター:堀内... ▼もっと読む
153,恋愛ラボ-LOVE LAB-（TVアニメ動画）,2013年夏アニメ,3.8,https://img.anikore.jp/images/anime/9/7/5/3975/3975.jpg?width=122&height=122&type=crop,"『恋愛ラボ（LOVE LAB）』は、名門女子校として知られる藤女こと藤崎女子中学校を舞台に、恋に恋する乙女たち生徒会メンバーの5人の美少女が繰り広げる恋愛研究コメディ。
原作は芳文社「まんがタ... ▼もっと読む"
154,好きっていいなよ。（TVアニメ動画）,2012年秋アニメ,3.5,https://img.anikore.jp/images/anime/7/5/4/3754/3754.jpg?width=122&height=122&type=crop,16年間、彼氏も友達も作らずに生きてきて、周りからは暗いやつと思われている、橘（たちばな）めい。ある日、ひょんな誤解から学校一のモテ男・黒沢大和（くろさわやまと）にケガをさせてしまうが、なぜか大... ▼もっと読む
155,ゆゆ式（TVアニメ動画）,2013年春アニメ,3.7,https://img.anikore.jp/images/anime/9/8/5/3985/3985.jpg?width=122&height=122&type=crop,"この春、女子高生になった、ゆずこ、唯（ゆい）、縁（ゆかり）の３人組はいつもいっしょの学園生活。
放課後は部員３人、パソコン２台とホワイトボード１代の「情報処理部」で、てきとうに決めた単語をググ... ▼もっと読む"
156,無限のリヴァイアス（TVアニメ動画）,1999年秋アニメ,3.8,https://img.anikore.jp/51J29ijE60L.jpg._AA240_.jpg?width=122&height=122&type=crop&category=amazon,2137年、大規模な太陽フレアによって出現した高密度のプラズマ雲が黄道面を境に太陽系の南半分を覆いつくし、地球も南半球が壊滅、17億もの人命が失われる被害を受ける。このフレアは「ゲドゥルト・フェ... ▼もっと読む
157,龍ヶ嬢七々々の埋蔵金（TVアニメ動画）,2014年春アニメ,3.5,https://img.anikore.jp/images/anime/8/6/9/7869/7869.jpg?width=122&height=122&type=crop,"父親に勘当され、家を追い出されて七重島にやってきた高校生『八真重護』は一人暮らしを始めた部屋で地縛霊『龍ヶ嬢七々々』と出会う。
重護は、10年前に何者かに殺害された七々々を成仏させるため犯人捜... ▼もっと読む"
158,グラスリップ（TVアニメ動画）,2014年夏アニメ,3.2,https://img.anikore.jp/images/anime/0/0/5/8005/8005.jpg?width=122&height=122&type=crop,ガラス工房を営む一家の娘・深水透子は、友人の家にあるカフェ「カゼミチ」を友人たちとの憩いの場所にしている。高校3年の夏休み、彼女たちの前に現れた転校生の少年・沖倉 駆は、透子に、自分には未来の声... ▼もっと読む
159,WHITE ALBUM2（TVアニメ動画）,2013年秋アニメ,3.9,https://img.anikore.jp/images/anime/6/0/3/7603/7603.jpg?width=122&height=122&type=crop,"学園祭まであと一月と迫った秋の日の夕暮れ。

崩壊した軽音楽同好会の最後の一人、北原春希は、
放課後の窓際で学園祭のステージを目指してギターを弾いていた。

それは、二年半ずっと真面目... ▼もっと読む"
160,おおきく振りかぶって 夏の大会編（TVアニメ動画）,2010年春アニメ,4.0,https://img.anikore.jp/51OZ8mzADbL.jpg._AA240_.jpg?width=122&height=122&type=crop&category=amazon,"夏の県大会、西浦高校は二回戦で前年度の優勝校である強豪・桐青高校と対戦。先制するも追いつかれて逆転される苦しい展開の中、1点差で迎えた9回に田島の2点タイムリーヒットで逆転勝利を収める。
三... ▼もっと読む"
161,この美術部には問題がある！（TVアニメ動画）,2016年夏アニメ,3.7,https://img.anikore.jp/images/anime/2/2/0/10220/10220.jpg?width=122&height=122&type=crop,"なんのへんてつもない普通の学び舎「月杜中学校」にある、普通の美術部。
そこには、絵の才能があるにも関わらず理想の「二次元嫁」を描くことに使命を燃やす内巻すばるくんと、そんなどーしようもない内巻... ▼もっと読む"
162,フォーチュン アテリアル-赤い約束-[FORTUNE ARTERIAL]（TVアニメ動画）,2010年秋アニメ,3.6,https://img.anikore.jp/images/anime/0/9/5/2095/2095.jpg?width=122&height=122&type=crop,海上交通の要である珠津島（たまつしま）。そこには桜の名所・珠津山や枯れない池と伝えられている千年泉がある。主人公の支倉孝平はそんな珠津島にある6年制・全寮制の英国パブリックスクール風名門校「修智... ▼もっと読む
163,俺たちに翼はない（TVアニメ動画）,2011年春アニメ,3.5,https://img.anikore.jp/images/anime/7/3/0/2730/2730.jpg?width=122&height=122&type=crop,大都市「柳木原」（やなぎはら　略称ギバラ）では、今日も誰かのありふれた物語が生まれていた。季節は冬。寒さが厳しい白い空。心に悩みを持つ若者たちが繰り広げる群衆劇。そんな若者たちが傷つき、笑いあう... ▼もっと読む
164,ハナヤマタ（TVアニメ動画）,2014年夏アニメ,3.8,https://img.anikore.jp/images/anime/0/1/1/8011/8011.jpg?width=122&height=122&type=crop,容姿も普通、頭も普通、美術や体育……何だって普通。そんなフツウだらけのぱっとしない14歳、関谷なる。おとぎばなしに出てくるような“ヒロイン”に憧れて、いつかこんな世界から連れ去ってくれる誰かを待... ▼もっと読む
165,かみちゅ！（TVアニメ動画）,2005年夏アニメ,3.7,https://img.anikore.jp/515GDZMXW4L.jpg._AA240_.jpg?width=122&height=122&type=crop&category=amazon,"瀬戸内の町で暮らす普通の中学生･一橋ゆりえは、極度の上がり症でしかもドジ。でも、心は真っ直ぐな女の子。がある日突然、神様になってしまった！？
その後は神様として拝まれたり、いろいろな人の望みを... ▼もっと読む"
166,惡の華（TVアニメ動画）,2013年春アニメ,3.2,https://img.anikore.jp/images/anime/9/8/8/3988/3988.jpg?width=122&height=122&type=crop,中学編 クラスの美少女・佐伯奈々子に密かに想いを寄せる春日高男。ある日の放課後、出来心により彼女の体操着を盗んでしまうが、その様子は嫌われ者の女子・仲村佐和に目撃されていた。窮地に陥り、仲村から... ▼もっと読む
167,君と僕。（TVアニメ動画）,2011年秋アニメ,3.8,https://img.anikore.jp/images/anime/2/5/7/3257/3257.jpg?width=122&height=122&type=crop,熱血からは程遠い、でもこれが青春ってやつですか！？ 双子の兄弟、悠太＆祐希と要、春は幼稚園からの幼なじみ。仲がいいのか悪いのかいまいち微妙なところだが、高校生になった今もつるんでいる。最近は転校... ▼もっと読む
168,デンキ街の本屋さん（TVアニメ動画）,2014年秋アニメ,3.5,https://img.anikore.jp/images/anime/2/3/6/8236/8236.jpg?width=122&height=122&type=crop,"「コミック専門書店 うまのほね」

そこではみんな何かのマニアだったり、コアなファンだったりと濃い目のキャラ多し。

新刊を並べたり、シュリンク掛けたり、女子力の低さに戦慄したり、エロ本... ▼もっと読む"
169,キミキス pure rouge（TVアニメ動画）,2007年秋アニメ,3.6,https://img.anikore.jp/images/anime/1/0/7/1107/1107.jpg?width=122&height=122&type=crop,"高校2年への進学を控えた春休み。光一は、友達の一輝達との撮影会をすっかり忘れて、家で一人くつろいでいた。
そこに突然鳴り響くインターホン。玄関を覗いてみると、そこには見知らぬ美少女が…。
我... ▼もっと読む"
170,輪廻のラグランジェ（TVアニメ動画）,2012年冬アニメ,3.4,https://img.anikore.jp/images/anime/4/4/1/3441/3441.jpg?width=122&height=122&type=crop,主人公・京乃まどかは故郷である千葉県・鴨川の海を心から愛する女子高生。「困っていることがあったら、助っ人しちゃう」のが売りの「鴨女ジャージ部」、ただ一人の部員として、今日も元気に活動中の17歳。... ▼もっと読む
171,フォトカノ（TVアニメ動画）,2013年春アニメ,3.2,https://img.anikore.jp/images/anime/0/1/9/4019/4019.jpg?width=122&height=122&type=crop,"「ファインダーの向こうのキミに……恋をした。」人気恋愛シミュレーション「フォトカノ」がアニメ化決定！

～プロローグ～
主人公前田一也（まえだかずや）は、光河（こうが）学園に通う高校２年... ▼もっと読む"
172,大図書館の羊飼い（TVアニメ動画）,2014年秋アニメ,3.4,https://img.anikore.jp/images/anime/0/5/2/8052/8052.jpg?width=122&height=122&type=crop,学生数5万人、教職員8000人を数える国内有数の学校法人「汐美学園」。数多くの学生寮、各種スポーツ施設はもちろん、カフェレストランから路面電車まで備える充実ぶりで、特に「大図書館」は国立図書館に... ▼もっと読む
173,ハチミツとクローバー（TVアニメ動画）,2005年春アニメ,3.9,https://img.anikore.jp/513AX0Zb9fL.jpg._AA240_.jpg?width=122&height=122&type=crop&category=amazon,"美大生・竹本祐太はおんぼろアパートの同僚で先輩の森田忍や真山巧らに囲まれ、日々大学生活を楽しんでいた。
ある日、竹本達は大学の教師の花本修司から花本の親戚の花本はぐみを紹介される。人見知りが激... ▼もっと読む"
174,ハイキュー！！ セカンドシーズン（TVアニメ動画）,2015年秋アニメ,4.1,https://img.anikore.jp/images/anime/0/5/2/9052/9052.jpg?width=122&height=122&type=crop,"すべては、“進化”する―!!「週刊少年ジャンプ」で絶賛連載中・コミックス累計1,600万部突破の次世代王道スポーツ漫画、『ハイキュー!!』。2014年4月～9月に放送されたTVアニメの好評を受け... ▼もっと読む"
175,BAMBOO BLADE バンブーブレード（TVアニメ動画）,2007年秋アニメ,3.7,https://img.anikore.jp/images/anime/0/9/5/1095/1095.jpg?width=122&height=122&type=crop,室江高校の剣道部顧問、「コジロー」こと石田虎侍は、その日の食事にも困る貧乏生活の日々を送っていた。そんなある日、高校時代の先輩である石橋賢三郎から練習試合の話を持ちかけられる。それも、石橋が顧問... ▼もっと読む
176,オオカミ少女と黒王子（TVアニメ動画）,2014年秋アニメ,3.5,https://img.anikore.jp/images/anime/1/0/8/8108/8108.jpg?width=122&height=122&type=crop,見栄っ張りなエリカは、友達相手に彼氏とのラブラブ話を語るが、実は彼氏いない歴16年。そろそろ嘘も限界と思ったそのとき、街で見かけたイケメンを盗撮。自分の彼氏だと自慢したが、その彼は同じ学校に通う... ▼もっと読む
177,sola-そら（TVアニメ動画）,2007年春アニメ,3.6,https://img.anikore.jp/51TvOIng8pL.jpg._AA240_.jpg?width=122&height=122&type=crop&category=amazon,"御池学園に通う高校一年生の森宮依人は友達とワイワイ遊ぶよりは一人で趣味に勤しむタイプ。そんな依人の趣味は「空」の写真を撮ること。
石月真名は活発な依人のクラスメイト。真名の妹、こよりは小学二年... ▼もっと読む"
178,ロクでなし魔術講師と禁忌教典（TVアニメ動画）,2017年春アニメ,3.4,https://img.anikore.jp/images/anime/5/3/4/10534/10534.jpg?width=122&height=122&type=crop,"魔術と科学が共に発展した世界――ルヴァフォース。
魔導大国・アルザーノ帝国の南部に位置する「アルザーノ帝国魔術学院」はこの世界で最先端の魔術を学べる最高峰の学び舎である。
およそ四百年の歴史... ▼もっと読む"
179,黒子のバスケ(第3期)（TVアニメ動画）,2015年冬アニメ,3.9,https://img.anikore.jp/images/anime/0/9/7/8097/8097.jpg?width=122&height=122&type=crop,"帝光中学校バスケットボール部。
その輝かしい歴史のなかでも、十年に一人の天才が五人同時にいた「キセキの世代」。
高校に進学した今も、彼らは変わらぬ称賛をもってそう呼ばれ続けている。

彼... ▼もっと読む"
180,暦物語（その他）,2016年1月9日,3.8,https://img.anikore.jp/images/anime/3/0/1/10301/10301.jpg?width=122&height=122&type=crop,"怪異に曳かれつづけた阿良々木暦の一年間。
これまでの""物語""と""物語""の間でひそかに生まれていた、いまだ語られていないエピソードたちを、一月に一話からな... ▼もっと読む"
181,R-15（TVアニメ動画）,2011年夏アニメ,3.1,https://img.anikore.jp/images/anime/9/8/2/2982/2982.jpg?width=122&height=122&type=crop,ポルノ小説でプロとして活躍している芥川丈途。丈途は職業柄あまりよい目で見られなかったがその能力が認められ、天才と呼ばれるにふさわしいものだけが入学を許される私立高校・閃学園に入学することになる。... ▼もっと読む
182,ダイヤのA（TVアニメ動画）,2013年秋アニメ,3.7,https://img.anikore.jp/images/anime/6/2/3/7623/7623.jpg?width=122&height=122&type=crop,もう一度、あのミットに投げ込みたい‥・・。捕手・御幸一也との出会いが、少年の人生を一変させる。沢村栄純15歳。己の力を試すため、仲間に別れを告げ、野球名門校・青道の扉を叩く。そこには己のすべてを... ▼もっと読む
183,特例措置団体ステラ女学院高等科Ｃ３部（TVアニメ動画）,2013年夏アニメ,3.1,https://img.anikore.jp/images/anime/5/2/1/7521/7521.jpg?width=122&height=122&type=crop,"高まる鼓動、膨らむ妄想・・・。
憧れていた「ステラ女学院」への入学が決まり、
高校での新生活に胸を躍らせる大和ゆら。
「もしかしたら……ここなら私、変われるかも！」
期待に胸を膨らませ寮... ▼もっと読む"
184,モブサイコ100（TVアニメ動画）,2016年夏アニメ,3.8,https://img.anikore.jp/images/anime/2/8/2/10282/10282.jpg?width=122&height=122&type=crop,"自己表現がヘタな超能力少年・影山茂夫、通称・モブ。
普通の生き方にこだわり、超能力を封印しているモブだが、感情が昂り、その数値が100になったとき、彼の身に何かが起こる!
インチキ霊能力者... ▼もっと読む"
185,僕等がいた（TVアニメ動画）,2006年夏アニメ,3.6,https://img.anikore.jp/images/anime/9/2/1/921/921.jpg?width=122&height=122&type=crop,彼はその時　まだたったの15歳で　そして今　まだほんの16歳で　支えなければならない現実は　いつも彼の体より　大きい ―　胸に期待をふくらませ、友達をいっぱい作ろうとしていた七美の高校生活が始ま... ▼もっと読む
186,ハルチカ ～ハルタとチカは青春する～（TVアニメ動画）,2016年冬アニメ,3.4,https://img.anikore.jp/images/anime/7/9/4/9794/9794.jpg?width=122&height=122&type=crop,"青春にはいつも、解き明かせないたくさんの謎が溢れてる!

「原作シリーズ累計55万部突破」初野晴の大人気・吹奏楽青春ミステリ<ハルチカ>シリーズ、待望のTVアニメ化!
原作はシ... ▼もっと読む"
187,閃乱カグラ（TVアニメ動画）,2013年冬アニメ,3.3,https://img.anikore.jp/images/anime/9/3/9/3939/3939.jpg?width=122&height=122&type=crop,"権力者が欲を満たすための道具として使う「悪忍」たちに対抗するため、政府は国家所属の忍「善忍」を育成する機密プロジェクトを立ち上げた。
学生数1000人以上のマンモス進学校「国立半蔵学院」には、... ▼もっと読む"
188,いちご100％（TVアニメ動画）,2005年春アニメ,3.4,https://img.anikore.jp/images/anime/7/4/5/745/745.jpg?width=122&height=122&type=crop,中学三年生の真中淳平はある日の放課後、学校の屋上で偶然から美少女の「いちごパンツ」を目撃してしまう。以来、真中はその少女が誰であるかを探し求めるようになる。少女の名は東城綾。しかし真中は、その少... ▼もっと読む
189,"Wake Up,Girls！（TVアニメ動画）",2014年冬アニメ,3.2,https://img.anikore.jp/images/anime/6/7/3/7673/7673.jpg?width=122&height=122&type=crop,"時はアイドル戦国時代。これは、この荒波を生き抜く７人の少女達「Wake Up, Girls！」の物語である。東北・仙台にある廃業寸前の弱小プロダクション、グリーンリーヴズ・エンタテインメント。か... ▼もっと読む"
190,少女たちは荒野を目指す（TVアニメ動画）,2016年冬アニメ,3.2,https://img.anikore.jp/images/anime/2/1/0/10210/10210.jpg?width=122&height=122&type=crop,神奈川県、金沢百景。風光明媚なその地で学生生活を送る少年、北条文太郎には、将来の夢がなかった。やりたいことを見つけられない、そんな焦りを抱き始めていたある日、彼はミステリアスな同級生の少女から、... ▼もっと読む
191,クロスゲーム（TVアニメ動画）,2009年春アニメ,3.9,https://img.anikore.jp/51ySp6LmzCL.jpg._AA240_.jpg?width=122&height=122&type=crop&category=amazon,"スポーツ用品店の息子、主人公・樹多村光（きたむらこう）は、バッティングセンター＆喫茶店「クローバー」の月島四姉妹と幼なじみ。
しっかり者の長女・一葉（いちよう）。光と大の仲良しの次女・若葉（わ... ▼もっと読む"
192,スクールランブル（TVアニメ動画）,2004年秋アニメ,3.8,https://img.anikore.jp/images/anime/6/9/2/692/692.jpg?width=122&height=122&type=crop,"塚本天満（つかもと てんま）は一途でシャイ、そしてちょっとお茶目な16歳の高校2年生。多くの女の子がそうであるように、彼女も恋をしていた。
でも、大好きな人・同級生の烏丸大路（からすま おおじ... ▼もっと読む"
193,ベイビーステップ（TVアニメ動画）,2014年春アニメ,3.6,https://img.anikore.jp/images/anime/7/6/2/7762/7762.jpg?width=122&height=122&type=crop,勉強にしか興味のなかった主人公・栄一郎（15歳）は、運動不足解消の為に立ち寄ったテニススクールでの出会いをきっかけに、テニスの奥深さに目覚める。 全くの素人だった栄一郎は、身体面での不利を、持ち... ▼もっと読む
194,GJ部@（TVアニメ動画）,2014年春アニメ,3.6,https://img.anikore.jp/images/anime/8/4/5/7845/7845.jpg?width=122&height=122&type=crop,真央たちが卒業した直後の春休み。桜が咲く季節になり、そろそろ新学期も始まろうかという頃。いつかのように突然袋につめこまれてしまった京夜。袋から出された京夜が見た景色は――なんと、ニューヨーク。な... ▼もっと読む
195,夜桜四重奏-ヨザクラカルテット（TVアニメ動画）,2008年秋アニメ,3.5,https://img.anikore.jp/51SL0XalD-L.jpg._AA240_.jpg?width=122&height=122&type=crop&category=amazon,人間と妖怪が共存する桜新町。しかし、乱射魔事件に犬の妖怪化など、桜新町に続発する奇怪な事件。それに立ち向かうは4人の猛き美少女とクールな少年達。期待の新感覚ハートフル・アクション。 ▼もっと読む
196,お姉ちゃんが来た（TVアニメ動画）,2014年冬アニメ,3.4,https://img.anikore.jp/images/anime/7/4/2/7742/7742.jpg?width=122&height=122&type=crop,水原朋也13才。父親の再婚によって変な姉・水原一香17才が出来ました。お姉ちゃんからの愛が…重い…。 ▼もっと読む
197,ラブコン（TVアニメ動画）,2007年春アニメ,3.7,https://img.anikore.jp/51Y8X3fJuIL.jpg._AA240_.jpg?width=122&height=122&type=crop&category=amazon,"舞台は大阪の高校、舞戸学園。
主人公の小泉リサ（身長172cm）と大谷敦士（身長156.2cm）は、入学当初からの犬猿の仲。その身長差が傍目に愉快なことと口げんかがまるで漫才のようであることか... ▼もっと読む"
198,キャプテン・アース（TVアニメ動画）,2014年春アニメ,3.3,https://img.anikore.jp/images/anime/8/5/8/7858/7858.jpg?width=122&height=122&type=crop,高校2年生の真夏ダイチは、夏休みが始まる前の晩にテレビで、種子島上空に突如として不思議な丸い虹が浮かぶのを目にする。「僕はあの虹を前に見たコトがある・・・ 」激しい胸騒ぎに突き動かされ、ひとり種... ▼もっと読む
199,頭文字D [イニシャルディー]（TVアニメ動画）,1998年春アニメ,3.9,https://img.anikore.jp/51QND1Z5NDL.jpg._AA240_.jpg?width=122&height=122&type=crop&category=amazon,北関東の名立たる峠道を舞台に、本来ならば「若葉マーク」である筈の主人公、藤原拓海が父親の愛車、AE86型（ハチロク）スプリンタートレノを駆り、誰の目にも圧倒的に速いと思える車を相手に対等な勝負を... ▼もっと読む
200,青春×機関銃（TVアニメ動画）,2015年夏アニメ,3.4,https://img.anikore.jp/images/anime/2/4/4/9244/9244.jpg?width=122&height=122&type=crop,"ある出来事から、半ば無理やりサバイバルゲームを始めることとなった女子高生・立花蛍。

ホストとエロマンガ家という個性たっぷりな仲間に囲まれ、仕方なくプレイしつつも、いつの間にかサバゲーの魅力... ▼もっと読む"
201,MAJOR 第3シリーズ-メジャー（TVアニメ動画）,2007年冬アニメ,3.8,https://img.anikore.jp/51c3NOYIeHL.jpg._AA240_.jpg?width=122&height=122&type=crop&category=amazon,基本的には原作に沿っているが、原作に含まれるパンチラ・暴力的・差別的なシーンを中心として一部のシーンや登場人物の設定に変更がなされている。これにより、原作のストーリー展開とは違った登場人物の軽い... ▼もっと読む
202,SHOW BY ROCK！！（TVアニメ動画）,2015年春アニメ,3.7,https://img.anikore.jp/images/anime/4/6/2/8462/8462.jpg?width=122&height=122&type=crop,音楽都市【MIDICITY】。ゴスロリ好きなネコの女の子【シアン】は、通りすがの怪しい音楽事務所社長【有栖川メイプル】にスカウトされる。優等生ウサギの【チュチュ】、ネットギークイヌの【レトリー】... ▼もっと読む
203,D.C.II ダ・カーポII（TVアニメ動画）,2007年秋アニメ,3.6,https://img.anikore.jp/51LxYhe7W9L.jpg._AA240_.jpg?width=122&height=122&type=crop&category=amazon,学園祭の日、枯れない桜の木の前で小恋が義之に告白し付き合うこととなった二人。しかし仲が深まるどころか以前よりも疎遠になったかのように突如現れた美夏ばかりを気にかけるようになる義之。始めは人嫌いだ... ▼もっと読む
204,ガールフレンド（仮）（TVアニメ動画）,2014年秋アニメ,3.3,https://img.anikore.jp/images/anime/1/6/3/8163/8163.jpg?width=122&height=122&type=crop,"体育館で練習をしていた新体操部の椎名心実は、クロエ・ルメールが落とした写真を拾い、彼女に渡そうと学園中を捜し回るが…。

舞台は聖櫻学園。2年生で新体操部、校内のマドンナ的存在の椎名心実を中... ▼もっと読む"
205,セイレン（TVアニメ動画）,2017年冬アニメ,3.3,https://img.anikore.jp/images/anime/9/1/6/10916/10916.jpg?width=122&height=122&type=crop,"高校2年生の夏。「嘉味田正一」は進路希望表の内容で担任に呼び出されたことをきっかけに、大人になることへの不安を覚えはじめる。
そんな彼が様々な女の子と出会い……そしてどんな将来を目指していくの... ▼もっと読む"
206,輪廻のラグランジェ season2（TVアニメ動画）,2012年夏アニメ,3.4,https://img.anikore.jp/images/anime/7/4/6/3746/3746.jpg?width=122&height=122&type=crop,青い海の広がる千葉県・鴨川市。明るさと行動力が自慢の京乃まどかは、鴨川女子高校・ジャージ部のたったひとりの部員として、今日も人助けに奔走する。しかし、ランと名のる不思議な美少女から「ロボットに乗... ▼もっと読む
207,アイシールド21-EYESHIELD21（TVアニメ動画）,2005年春アニメ,3.6,https://img.anikore.jp/51004SJRHTL.jpg._AA240_.jpg?width=122&height=122&type=crop&category=amazon,"私立泥門（でいもん）高等学校に通う気弱な高校生、小早川瀬那は入学早々ひょんな事から泥門高校アメフト部「泥門デビルバッツ」に主務として入ることになった。
その帰り道、彼をパシリにしていた不良たち... ▼もっと読む"
208,もしドラ（TVアニメ動画）,2011年春アニメ,3.2,https://img.anikore.jp/images/anime/2/7/8/2278/2278.jpg?width=122&height=122&type=crop,都立高校の弱小野球部マネージャーとなった川島みなみは経営学の大家・ドラッカーの著書『マネジメント』を手に、そう宣言した。すべては入院してしまった親友・宮田夕紀に感動を与えるために。だがこの野球部... ▼もっと読む
209,おねがい☆ティーチャー（TVアニメ動画）,2002年冬アニメ,3.6,https://img.anikore.jp/51V6HNTXhkL.jpg._AA240_.jpg?width=122&height=122&type=crop&category=amazon,"辺境惑星の駐在監視員として地球に赴任した宇宙人、風見みずほ。
偶然、みずほの正体を知った高校生「草薙桂」は、彼女を守るため、彼女と結婚して夫婦になる。
桂は中学時代のトラウマから、「停滞」と... ▼もっと読む"
210,げんしけん2（TVアニメ動画）,2007年秋アニメ,3.7,https://img.anikore.jp/51X50ieR6LL.jpg._AA240_.jpg?width=122&height=122&type=crop&category=amazon,"オタクのぬるく楽しい日々を描いた『げんしけん』の第2章。
オタク嫌いなオタク女・荻上を迎え、相変わらずゆるやかなオタクライフを満喫していた現視研の面々。しかし、笹原が会長に就任し現視研に転機が... ▼もっと読む"
211,えびてん 公立海老栖川高校天悶部（TVアニメ動画）,2012年夏アニメ,3.1,https://img.anikore.jp/images/anime/6/3/5/3635/3635.jpg?width=122&height=122&type=crop,野矢一樹は海老栖川高校に入学した新入生。彼は入学早々天文部への入部を希望し部室を探すが、なぜか部室は地下にあった。そこに足を踏み入れた彼を待っていたものは、天文部とは名ばかりの天悶部というオタク... ▼もっと読む
212,サクラダリセット（TVアニメ動画）,2017年春アニメ,3.4,https://img.anikore.jp/images/anime/8/7/5/10875/10875.jpg?width=122&height=122&type=crop,"住人の半数が特別な能力を持つ街、咲良田(さくらだ)。
能力者の監視を行う「管理局」の下、住人は平和に暮らしていた。
「目の前の人の涙を消したい」、「誰かに声を届けたい」。
... ▼もっと読む"
213,ハチミツとクローバーII（TVアニメ動画）,2006年夏アニメ,3.9,https://img.anikore.jp/21N73HJD3TL.jpg._AA240_.jpg?width=122&height=122&type=crop&category=amazon,美大生・竹本祐太はアパートの同僚で先輩の森田忍や真山巧らに囲まれ、日々大学生活を楽しんでいた。ある日、竹本達は大学の教師の花本修司から花本の親戚の花本はぐみを紹介される。人見知りが激しく口数も少... ▼もっと読む
214,ばくおん！！（TVアニメ動画）,2016年春アニメ,3.4,https://img.anikore.jp/images/anime/6/9/8/9698/9698.jpg?width=122&height=122&type=crop,"女子高生の佐倉羽音は、登校途中の坂道にへこたれたことがきっかけで、バイクに興味を持ち始める。
すでにバイクに乗っている同級生の天野恩紗とともにバイク部に入部することになった羽音は、
個性的で... ▼もっと読む"
215,そふてにっ（TVアニメ動画）,2011年春アニメ,3.3,https://img.anikore.jp/51fX8thOj5L.jpg._AA240_.jpg?width=122&height=122&type=crop&category=amazon,マイペースな白玉中学校女子ソフトテニス部だけど、目指すは全国大会制覇！？恋とかライバルとか熱血とか妄想とか満載で贈る、お気楽軟式庭球少女たちによる青春コメディー！ ▼もっと読む
216,あまんちゅ！（TVアニメ動画）,2016年夏アニメ,3.5,https://img.anikore.jp/images/anime/1/6/7/10167/10167.jpg?width=122&height=122&type=crop,魅力的で美しい世界観とキャラクターで人気だった『ARIA』の天野こずえさんが、アリアの次に書き始めた漫画作品がついにアニメ化！ダイビング部に所属する海が大好きな少女・小日向光と、都会から転校して... ▼もっと読む
217,森田さんは無口（TVアニメ動画）,2011年夏アニメ,3.3,https://img.anikore.jp/51h20c53tVL.jpg._AA240_.jpg?width=122&height=122&type=crop&category=amazon,他人より優し過ぎ、また考え過ぎで無口になってしまう女子高生・森田真由。時に周囲に誤解を与えながらも、楽しく学園生活を送る。 ▼もっと読む
218,神霊狩／GHOST HOUND（TVアニメ動画）,2007年秋アニメ,3.6,https://img.anikore.jp/5192oBABmCL.jpg._AA240_.jpg?width=122&height=122&type=crop&category=amazon,"遥か古来より、この世界“現世”は、別の世界“幽世”と重なり合っていた。
日本の原風景の面影を残す地方の小さな町・水天町。この町に住む中学生、古森太郎と大神信は、それぞれ消し去ることのできない... ▼もっと読む"
219,おねがい☆ツインズ（TVアニメ動画）,2003年夏アニメ,3.6,https://img.anikore.jp/51fxA2wUdXL.jpg._AA240_.jpg?width=122&height=122&type=crop&category=amazon,"主人公の神城麻郁は、プログラム開発と高校生活を両立させて、一人暮らしをしている高校一年生の少年。両親を知らず施設で育った彼は、自分の出生に関することを調べていた。
手がかりは、1枚の写真のみ。... ▼もっと読む"
220,青い花（TVアニメ動画）,2009年夏アニメ,3.7,https://img.anikore.jp/images/anime/3/4/8/1348/1348.jpg?width=122&height=122&type=crop,江ノ電沿線などの鎌倉が舞台。それぞれ別の女子高に通う二人の主人公を軸に、女性同士の恋愛と友情が描かれている。 ▼もっと読む
221,風夏（TVアニメ動画）,2017年冬アニメ,3.4,https://img.anikore.jp/images/anime/8/2/7/10827/10827.jpg?width=122&height=122&type=crop,"両親がアメリカへ行くことになり、姉妹と一緒に暮らすため東京の高校へ転校生てきた榛名優。
内気で人付き合いが苦手な彼のコミュニケーションツールは、もっぱらツイッターでのやりとりがメイフィールド。... ▼もっと読む"
222,涼風（TVアニメ動画）,2005年夏アニメ,3.5,https://img.anikore.jp/51AAS2FS1NL.jpg._AA240_.jpg?width=122&height=122&type=crop&category=amazon,"秋月大和15歳。
「東京に出れば・・、高校に入れば・・、何かが変わる！」そんな根拠のない期待を抱え、高校進学のため単身上京。叔母が経営する銭湯兼レディースマンションに下宿することに。
-ある... ▼もっと読む"
223,薄桜鬼 黎明録（TVアニメ動画）,2012年夏アニメ,3.8,https://img.anikore.jp/images/anime/7/4/9/3749/3749.jpg?width=122&height=122&type=crop,母親を病で亡くした龍之介は、生きる支えをなくして、あてもなくさまよっていた所、京に向かう尊皇攘夷派の浪士に襲われ、金品を奪われた。食料も金もなく、ただ餓死するのを待つだけだったところで、浪士組と... ▼もっと読む
224,鉄腕バーディー DECODE（TVアニメ動画）,2008年夏アニメ,3.7,https://img.anikore.jp/images/anime/2/1/6/1216/1216.jpg?width=122&height=122&type=crop,謎の古代兵器「リュンカ」の強奪犯を追って未開の惑星、地球にやってきた連邦警察のアルタ人女性捜査官バーディー・シフォン=アルティラは、犯人を探し出すためグラビアアイドル有田しおんとして活動していた... ▼もっと読む
225,Over Drive-オーバードライブ（TVアニメ動画）,2007年春アニメ,3.6,https://img.anikore.jp/51k0ndBCjRL.jpg._AA240_.jpg?width=122&height=122&type=crop&category=amazon,高校の自転車部に入部した主人公・篠崎ミコトが、仲間やライバルと共に挫折を繰り返しながらロードレースの頂点を目指していく姿を描いた、安田剛士原作の新感覚スポコンアニメ! ▼もっと読む
226,ダンガンロンパ3 -The End of 希望ヶ峰学園- 絶望編（TVアニメ動画）,2016年夏アニメ,3.5,https://img.anikore.jp/images/anime/6/5/7/10657/10657.jpg?width=122&height=122&type=crop,"あらゆる分野の超一流の高校生を集め、育て上げるために設立された、政府公認の特権的な学園「私立希望ヶ峰学園」。
この学園には、超高校級の才能が集まる「本科」と、高い学費を払えば誰でも入れる「予備... ▼もっと読む"
227,宇宙のステルヴィア（TVアニメ動画）,2003年春アニメ,3.7,https://img.anikore.jp/51kqBOz2nYL.jpg._AA240_.jpg?width=122&height=122&type=crop&category=amazon,西暦2167年、地球はみずへび座ベータ星の超新星爆発によって引き起こされた強力な電磁パルスと放射線によって壊滅的な打撃を受けた。だが人類はそこから見違えるほどの復興を遂げた。そして、かつての災厄... ▼もっと読む
228,ステラのまほう（TVアニメ動画）,2016年秋アニメ,3.5,https://img.anikore.jp/images/anime/3/6/4/10364/10364.jpg?width=122&height=122&type=crop,"高校の入学式の日、夢中になれることを探して部活ＰＲの展示を見て回る新1年生の珠輝。幼なじみのクラスメイト・裕美音はイラスト部に入部して楽しそうだけれど、珠輝は何をしたいかわからなくて……。
同... ▼もっと読む"
229,エリアの騎士（TVアニメ動画）,2012年冬アニメ,3.5,https://img.anikore.jp/images/anime/5/6/7/3567/3567.jpg?width=122&height=122&type=crop,主人公の逢沢駆は名門・鎌倉学館中等部サッカー部マネージャー。同サッカー部のキャプテンでU-15日本代表の司令塔（MF）としても活躍する兄・傑に憧れていながらも、精神的な弱さが災いしマネージャーと... ▼もっと読む
230,ときめきメモリアル Only Love（TVアニメ動画）,2006年秋アニメ,3.5,https://img.anikore.jp/51smVP6haxL.jpg._AA240_.jpg?width=122&height=122&type=crop&category=amazon,私立「つむぎの高校」に転校してきた、高校2年生の少年「青葉陸」。転校初日から、つむぎの高校の自由で個性的な校風にペースを乱され、振り回されるのであった。そんな彼が転校先で出会ったのは、学園一のア... ▼もっと読む
231,メガネブ！（TVアニメ動画）,2013年秋アニメ,2.9,https://img.anikore.jp/images/anime/6/1/6/7616/7616.jpg?width=122&height=122&type=crop,メガネをかけた男子高校生の、異常なまでの情熱をメガネにかける青春グラフィティ! ▼もっと読む
232,バッテリー（TVアニメ動画）,2016年夏アニメ,2.9,https://img.anikore.jp/images/anime/5/2/5/10525/10525.jpg?width=122&height=122&type=crop,"「原田巧」はピッチャーとして抜群の野球センスをもつ少年。
中学入学を期に移り住んだ山あいの街、新田市で、巧は自分の全力投球を受け止められるキャッチャー、「永倉豪」と出会う。
新田東中学校の野... ▼もっと読む"
233,ひだまりスケッチ×365 特別編（TVアニメ動画）,2009年秋アニメ,3.9,https://img.anikore.jp/518lIn6LrsL.jpg._AA240_.jpg?width=122&height=122&type=crop&category=amazon,"『ひだまりスケッチ×365』は、「ひだまりスケッチ」の第2期シリーズ。
「365」とは、1年の365日と人間の平熱である36.5℃との2つの意味があり、蒼樹うめ自身の案によるものである。 ▼もっと読む"
234,ふたつのスピカ（TVアニメ動画）,2003年春アニメ,3.7,https://img.anikore.jp/51NjGt%2B-DRL.jpg._AA240_.jpg?width=122&height=122&type=crop&category=amazon,"『ふたつのスピカ』は、柳沼行による漫画作品と、それを原作とする望月智充監督のTVアニメ作品、およびノベライズ作品
【ストーリー】有人宇宙探査ロケット「獅子号」が市街地に墜落、その事故に巻き込ま... ▼もっと読む"
235,グリーングリーン（TVアニメ動画）,2003年夏アニメ,3.1,https://img.anikore.jp/images/anime/5/5/5/555/555.jpg?width=122&height=122&type=crop,"『グリーングリーン』は山奥の全寮制男子校""鐘ノ音学園""の共学化にまつわるドタバタコメディを描いた18禁恋愛アドベンチャーゲームのシリーズおよびテレビアニメ。略称はグリグリ。
... ▼もっと読む"
236,SuperSeisyunBrothers―超青春姉弟s―（TVアニメ動画）,2013年夏アニメ,3.6,https://img.anikore.jp/images/anime/6/4/6/7646/7646.jpg?width=122&height=122&type=crop,見た目はいいけれどなんだか残念なところのある新本姉弟と、見た目はいいけれど不思議系な斉藤姉弟。それぞれ姉同士・弟同士は親友で、毎日自由すぎる会話を繰り広げながら青春を駆け抜けていく“超日常青春コ... ▼もっと読む
237,となグラ！（TVアニメ動画）,2006年夏アニメ,3.2,https://img.anikore.jp/images/anime/9/2/7/927/927.jpg?width=122&height=122&type=crop,有坂香月は幼い頃、隣近所だった神楽勇治とよく一緒に遊んでいた。勇治に恋に近い感情を抱いていた香月だったが、神楽家は急用で引っ越してしまう。それから10年後、勇治は再び香月の隣の家に引っ越してきた... ▼もっと読む
238,Starry☆Sky[スターリースカイ]（TVアニメ動画）,2011年冬アニメ,3.3,https://img.anikore.jp/61fvMhVGtzL.jpg._AA240_.jpg?width=122&height=122&type=crop&category=amazon,星座の導きでー今、想い重なる。天体に関する知識を学ぶ「星月学園」を舞台に、唯一の女子生徒である主人公「夜久月子」と、星座の性格・特徴を持つ12人の魅力的な男の子との交流を描く学園ラブストーリー。... ▼もっと読む
239,Kanon カノン[東映アニメーション版]（TVアニメ動画）,2002年冬アニメ,3.5,https://img.anikore.jp/images/anime/4/2/3/423/423.jpg?width=122&height=122&type=crop,家庭の事情により北国（「雪の街」）の叔母の家に居候する事になった相沢祐一。7年前まではよく訪れていたにも関わらず、彼には当時のことが思い出せずにいた。そんな中、彼はそこで出会った5人の少女達と交... ▼もっと読む
240,ささめきこと（TVアニメ動画）,2009年秋アニメ,3.5,https://img.anikore.jp/51wFqsnVARL.jpg._AA240_.jpg?width=122&height=122&type=crop&category=amazon,優等生の村雨純夏は中学からの友人、風間汐に想いを伝えられず、悶々としていた。\nそんな二人のまわりには、食欲旺盛なブラスバンド部員・鳥追きより、少女ファッション誌読者モデルの朱宮正樹、蓮賀朋絵と... ▼もっと読む
241,虹色デイズ（TVアニメ動画）,2016年冬アニメ,3.5,https://img.anikore.jp/images/anime/0/8/7/10087/10087.jpg?width=122&height=122&type=crop,"夏樹・智也・恵一・剛はいつもつるんでいる高校生男子4人組。
部活動もなし、勉強もそこそこに、楽しい毎日を過ごし中♪

そんな4人の目下の関心事はやっぱり恋愛！

違うクラスの杏奈に片想... ▼もっと読む"
242,ケンコー全裸系水泳部 ウミショー（TVアニメ動画）,2007年夏アニメ,3.5,https://img.anikore.jp/518y5JTP9KL.jpg._AA240_.jpg?width=122&height=122&type=crop&category=amazon,海猫市緒ノ島（おのしま）の海岸に、家つきイカダに乗った父娘がやって来た。少女の名は蜷川あむろ。「県立海猫商業高等学校」（通称「海商」「ウミショー」）に転校する為、はるばる沖縄から航海してきたとい... ▼もっと読む
243,DAYS（TVアニメ動画）,2016年夏アニメ,3.4,https://img.anikore.jp/images/anime/3/5/2/10352/10352.jpg?width=122&height=122&type=crop,"何のとりえもない、特技もない、けれど人知れず、熱い心を秘めた少年・柄本つくし。
彼が西東京の名門、聖蹟高校サッカー部に入部した時、運命は激しく回転を始める。
孤独なサッカーの天才・風間陣、超... ▼もっと読む"
244,BECK ベック（TVアニメ動画）,2004年秋アニメ,3.6,https://img.anikore.jp/images/anime/6/9/7/697/697.jpg?width=122&height=122&type=crop,平凡な毎日に不安を持っていた主人公の少年・田中幸雄（通称:コユキ）は謎の人物・南竜介との出会いによって音楽の世界に入り込むことになる。南竜介・田中幸雄を中心に才能溢れるメンバーが揃って結成された... ▼もっと読む
245,この青空に約束を（TVアニメ動画）,2007年春アニメ,3.3,https://img.anikore.jp/41rUEVeMvAL.jpg._AA240_.jpg?width=122&height=122&type=crop&category=amazon,本州から少し南にある離島、「南栄生島」。島のふもとからずっと続く石段を登りきった高台の上に、星野航たちの通う「高見塚学園」がある。しかし島の産業の大部分を占めていた大企業の工場が来年撤退すること... ▼もっと読む
246,双恋 ふたこい（TVアニメ動画）,2004年秋アニメ,3.3,https://img.anikore.jp/images/anime/6/9/6/696/696.jpg?width=122&height=122&type=crop,"主人公の二見 望は、幼い時に母を亡くしそれ以来父親と二人暮し、その父親が仕事でハワイに転勤することになり、それを機に昔住んでいた街に帰ってきた。
街を歩いていたら桜月姉妹と偶然出会い、更に幼馴... ▼もっと読む"
247,はじめの一歩 Rising（TVアニメ動画）,2013年秋アニメ,3.6,https://img.anikore.jp/images/anime/6/5/2/7652/7652.jpg?width=122&height=122&type=crop,2000年～2002年放送の第１期では、いじめられっ子だった一歩が、プロボクサー・鷹村守との出会いをきっかけに鴨川ボクシングジムへ入門。仲間に支えられ、数々のライバルとの闘いを経て、日本フェザー... ▼もっと読む
248,魔法遣いに大切なこと（TVアニメ動画）,2003年冬アニメ,3.4,https://img.anikore.jp/images/anime/5/0/2/502/502.jpg?width=122&height=122&type=crop,"『魔法遣いに大切なこと』（まほうつかいにたいせつなこと）は、日本の漫画、小説、およびアニメ、実写映画作品。
魔法が幻想でなく当たり前に存在し、一種の特殊技能として認知されている世界の現代日本。... ▼もっと読む"
249,極上生徒会（TVアニメ動画）,2005年春アニメ,3.4,https://img.anikore.jp/images/anime/7/4/6/746/746.jpg?width=122&height=122&type=crop,"宮神学園には、同学園理事長兼学生・神宮司奏を会長とする「宮神学園極大権限保有最上級生徒会（略して、極上生徒会）」と呼ばれる組織があり、教職員より強い権限を有している。
極上生徒会メンバーには、... ▼もっと読む"
250,中二病でも恋がしたい！ Lite（Webアニメ）,2012年9月27日,3.8,https://img.anikore.jp/images/anime/9/3/9/7939/7939.jpg?width=122&height=122&type=crop,公式サイトおよびYouTubeで配信された短編エピソード。全6話。テレビアニメとは別のオープニングとエンディングを使用している。キャストやスタッフなどのクレジット表示はない。全6話 ▼もっと読む
251,スタミュ 高校星歌劇（TVアニメ動画）,2015年秋アニメ,3.6,https://img.anikore.jp/images/anime/1/5/4/10154/10154.jpg?width=122&height=122&type=crop,音楽芸能分野の名門校・綾薙学園に入学した星谷悠太は中学の時に見たミュージカルで素晴らしいパフォーマンスを見せたこの学校の生徒に憧れていた。彼が目指すのは花形コースの「ミュージカル学科」。しかしこ... ▼もっと読む
252,潔癖男子！青山くん（TVアニメ動画）,2017年夏アニメ,3.2,https://img.anikore.jp/images/anime/2/4/6/11246/11246.jpg?width=122&height=122&type=crop,"イケメンでサッカーU-16日本代表MFの高校生。
しかし！彼は極度の潔癖症！！
そんな青山くんの友情！努力！潔癖！？な青春が描かれた
「潔癖男子！青山くん」が遂にTVアニメ化決定！！ ▼もっと読む"
253,ちゅーぶら！！（TVアニメ動画）,2010年冬アニメ,3.0,https://img.anikore.jp/512JbQUZ9NL.jpg._AA240_.jpg?width=122&height=122&type=crop&category=amazon,"私立桜南中学校にトップ入学した葉山奈由は入学式当日、転んだ拍子にクラスメートに派手なショーツを披露してしまう。
そんな奈由の「援助交際疑惑」の真相を確かめようと彼女に接触した神宮寺弥子と白石遥... ▼もっと読む"
254,きまぐれオレンジ☆ロード（TVアニメ動画）,1987年春アニメ,3.8,https://img.anikore.jp/512K2AKW8YL.jpg._AA240_.jpg?width=122&height=122&type=crop&category=amazon,超能力一家の長男に生まれた春日恭介は、父の隆、双子の妹まなみとくるみの4人家族。超能力が使えるのは家族だけの秘密なので、正体がバレるたびに転校を繰り返していた。ついこの間、くるみが100メートル... ▼もっと読む
255,宇宙パトロールルル子（TVアニメ動画）,2016年春アニメ,3.5,https://img.anikore.jp/images/anime/4/2/2/10422/10422.jpg?width=122&height=122&type=crop,"今石洋之監督によるオリジナルTVアニメ。

宇宙パトロールの刑事を父に持つ普通の女子中学生「ルル子」が、成り行きで宇宙パトロールに任命されてしまうところから物語が始まる ▼もっと読む"
256,学園戦記ムリョウ（TVアニメ動画）,2001年春アニメ,3.9,https://img.anikore.jp/images/anime/3/7/2/372/372.jpg?width=122&height=122&type=crop,"2070年春、東京上空に謎の巨大飛行物体が出現し、全ての都市機能を麻痺させてしまう。世間が大混乱に陥りかけた矢先、今度は謎の巨大ヒーローらしきモノが現れ、飛行物体をやっつけた。
そして翌日の朝... ▼もっと読む"
257,王室教師ハイネ（TVアニメ動画）,2017年春アニメ,3.3,https://img.anikore.jp/images/anime/9/3/5/10935/10935.jpg?width=122&height=122&type=crop,個性的な4人の王子の教育を任された家庭教師が奮闘する王室コメディアニメ第1巻。王族が住まう王宮にやって来た新しい王室教師・ハイネ。しかし、彼は受け持つ4人の王子から「王室教師とは認めない」と言わ... ▼もっと読む
258,ひとひら（TVアニメ動画）,2007年春アニメ,3.5,https://img.anikore.jp/images/anime/0/1/8/1018/1018.jpg?width=122&height=122&type=crop,麻井麦は、一ノ瀬野乃の強引な勧誘により演劇研究会に入ってしまった。窮屈な部室で活動している演劇研究会は演劇部と対立しており、互いの存続を賭けて演劇公演での対決を控えていた。極度のあがり症から何度... ▼もっと読む
259,金色のコルダ Blue♪Sky（TVアニメ動画）,2014年春アニメ,3.3,https://img.anikore.jp/images/anime/8/7/4/7874/7874.jpg?width=122&height=122&type=crop,原作:コーエーテクモゲームス「金色のコルダ3」、キャラクター原案:呉由姫「月刊LaLa」(白泉社刊)、総監督:於地紘仁、監督:名取孝浩、監修:ルビーパーティー、シリーズ構成:大知... ▼もっと読む
260,チア男子！！（TVアニメ動画）,2016年夏アニメ,3.5,https://img.anikore.jp/images/anime/5/6/0/10560/10560.jpg?width=122&height=122&type=crop,"人を応援することで主役になれる、世界で唯一のスポーツがある。
チアリーディングに青春をかける、ちょっとワケアリだけど、キュートな男子大学生たちの物語、それが『チア男子!!』。
柔道でザセツし... ▼もっと読む"
261,銀河鉄道999-スリーナイン（TVアニメ動画）,1978年夏アニメ,3.8,https://img.anikore.jp/51V5cVowJDL.jpg._AA240_.jpg?width=122&height=122&type=crop&category=amazon,舞台は、銀河系の各惑星が銀河鉄道と呼ばれる宇宙空間を走る列車で結ばれた未来世界。宇宙の多くの裕福な人々は「機械の身体」に魂を移し替えて機械化人となり永遠の生を謳歌していたが、貧しい人々は機械の身... ▼もっと読む
262,Paradise Kiss パラダイスキス（TVアニメ動画）,2005年秋アニメ,3.5,https://img.anikore.jp/41HWR0M0W7L.jpg._AA240_.jpg?width=122&height=122&type=crop&category=amazon,進学校に通う、早坂紫は、ある日学園祭のショーのモデルを探していた矢沢芸術学院の生徒に声をかけられる。当初は彼らに対して偏見を抱いていたが、一緒に行動していく内に、自らも受験勉強以外に生き甲斐を見... ▼もっと読む
263,美少女戦士セーラームーンS[スーパー]（TVアニメ動画）,1994年冬アニメ,3.9,https://img.anikore.jp/314QD8ECRKL.jpg._AA240_.jpg?width=122&height=122&type=crop&category=amazon,うさぎたちの活躍で平穏を取り戻した街……セーラームーンの未来の娘・ちびうさも未来の世界へ帰り、うさぎ・レイ・亜美・まこと・美奈子らセーラー戦士たちは中学3年生になって、穏やかな日常を過ごしていた... ▼もっと読む
264,ALL OUT！！（TVアニメ動画）,2016年秋アニメ,3.4,https://img.anikore.jp/images/anime/1/3/4/10134/10134.jpg?width=122&height=122&type=crop,"神奈川高校、入学式当日。
体格は小さいが負けん気は人一倍、初心者の祇園がラグビー部に入部し、物語は動き出す。
過去のある出来事からラグビーに打ち込めない同級生・石清水、
面倒見がよく部員を... ▼もっと読む"
265,H2 [エイチツー]（TVアニメ動画）,1995年春アニメ,3.5,https://img.anikore.jp/images/anime/2/2/2/222/222.jpg?width=122&height=122&type=crop,中学野球のエースピッチャーだった国見比呂は、右ヒジの故障を宣告され、あえて野球部のない千川高校に入学する。だが、故障が実は誤診だったことがわかると、親友であり最大のライバルである橘英雄と決着をつ... ▼もっと読む
266,ストラトスフォー（TVアニメ動画）,2003年冬アニメ,3.6,https://img.anikore.jp/515SG4J22CL.jpg._AA240_.jpg?width=122&height=122&type=crop&category=amazon,"西暦2XXX年、流星群や隕石、彗星の絶え間ない襲来に地球は脅かされていた。
沖縄県の下地島基地に配属されている国連の対天体災害対策組織である『天体危機管理機構(the Cosmic Emerg... ▼もっと読む"
267,ポケットモンスター アドバンスジェネレーション[ポケモン]（TVアニメ動画）,2002年秋アニメ,3.6,https://img.anikore.jp/31WTRXRK4JL.jpg._AA240_.jpg?width=122&height=122&type=crop&category=amazon,ポケモンマスターを目指す少年サトシの戦いと活躍を描くバトルアドベンチャー。日本中を席巻し、アメリカやヨーロッパでも大ブームとなった同名の携帯ゲームのＴＶシリーズ第４弾だ。ポケモントレーナー・ハヅ... ▼もっと読む
268,アクションヒロイン チアフルーツ（TVアニメ動画）,2017年夏アニメ,3.5,https://img.anikore.jp/images/anime/0/5/3/11053/11053.jpg?width=122&height=122&type=crop,"20XX年、アクションヒロイン戦国時代―――!
かつて、とある地方都市が企画した小さなお祭りから始まった。
『ご当地ヒロイン戦士』として地元をモチーフにしたアクションが観衆を魅了し、その評判... ▼もっと読む"
269,うた∽かた（TVアニメ動画）,2004年秋アニメ,3.3,https://img.anikore.jp/images/anime/6/7/5/675/675.jpg?width=122&height=122&type=crop,神奈川県の鎌倉に住む中学2年生の少女「一夏（いちか）」は一学期の最後の日、学校の大掃除の途中、藤堂誓唯から貰ったお守りのついた携帯電話を落としてしまう。下校途中にそれに気づいた一夏は夕暮れの学校... ▼もっと読む
270,赤毛のアン（TVアニメ動画）,1979年冬アニメ,4.0,https://img.anikore.jp/images/anime/8/9/0/2890/2890.jpg?width=122&height=122&type=crop,高畑勲と宮崎駿がスタッフとして参加した最後の世界名作劇場。モンゴメリの名著である原作を忠実に映像化している。働き手の男の子を引き取る予定だったカスバート兄妹の元へやってきたのは、なぜかアン・シャ... ▼もっと読む
271,クロスロード（Webアニメ）,2014年2月25日,3.9,https://img.anikore.jp/images/anime/9/6/0/7960/7960.jpg?width=122&height=122&type=crop,"塾もない離島から大学進学をめざす女子高生の海帆（みほ）とアルバイトをしながら受験勉強にはげむ都内在住の男子高生、翔太。
「Ｚ会の通信教育」を通して、知らない間に人生が交差していく2人の物語。
... ▼もっと読む"
272,青春×機関銃 特別編 獣たちの戦場だなっ！（TVアニメ動画）,2016年冬アニメ,3.4,https://img.anikore.jp/images/anime/3/0/9/10309/10309.jpg?width=122&height=122&type=crop,トイ☆ガンガンが参加した大会は、コスプレをしたサバゲーマーが集う大会だった。ホシシロも巻き込んで、とんでもないバトルが展開する──。 ▼もっと読む
273,ツキウタ。 THE ANIMATION（TVアニメ動画）,2016年夏アニメ,3.2,https://img.anikore.jp/images/anime/5/7/0/10570/10570.jpg?width=122&height=122&type=crop,"「君だけの特別。ほかのみんなには内緒にしてね？」

「Six Gravity（グラビ）」と「Procellarum（プロセラ）」は人気急上昇中の
アイドルユニット。
グラビとプロセラの握... ▼もっと読む"
274,キャプテン（TVアニメ動画）,1983年冬アニメ,3.7,https://img.anikore.jp/images/anime/1/0/9/109/109.jpg?width=122&height=122&type=crop,野球の名門青葉学院から墨谷二中に転校してきた主人公・谷口タカオは、野球部へ入部するためにグラウンドを訪れ、練習に参加しようと青葉時代のユニフォームに着替えた。そのユニフォームに気付いた野球部員は... ▼もっと読む
275,あぃまぃみぃ！ストロベリー・エッグ（TVアニメ動画）,2001年夏アニメ,3.4,https://img.anikore.jp/images/anime/3/8/0/380/380.jpg?width=122&height=122&type=crop,あぃまぃみぃ!ストロベリー・エッグ TV-BOX 天和響（あまわひびき）は体育教師を目指す青年。彼が教職を希望したのは女性教師しか雇わないという青鞜三ノ宮学院中等部。ストレートに行ったところ案の... ▼もっと読む
276,あずきちゃん（TVアニメ動画）,1995年春アニメ,3.4,https://img.anikore.jp/41rLBl4ciSL.jpg._AA240_.jpg?width=122&height=122&type=crop&category=amazon,秋本康、木村千歌原作の同名コミックのアニメ。小学５年生のあずきを通して、少女の成長、等身大の女の子の淡い恋心を描いた作品。新学期を迎え、あずきちゃんのクラスにも転校生がやってきます、その転校生・... ▼もっと読む
277,コンビニカレシ（TVアニメ動画）,2017年夏アニメ,2.8,https://img.anikore.jp/images/anime/1/9/8/11198/11198.jpg?width=122&height=122&type=crop,"春。はじまりの季節。

三島春来とその親友・本田塔羽は、青希空（あおきそら）高校に入学する。
互いに気になる女の子がいるものの、どうにも恋が始まる気配がない。
不器用に日々を過ごす中、同... ▼もっと読む"
278,うさかめ（TVアニメ動画）,2016年春アニメ,3.0,https://img.anikore.jp/images/anime/3/2/5/10325/10325.jpg?width=122&height=122&type=crop,"兎亀高校テニス部に所属する4人の少女、
田中きなこ・鈴木あやこ・佐藤くるみ・西新井大師西が、
それぞれの夢や憧れを追い求める…青春群像コメディっぽいなにか。
ここに開幕♪

ハイテンシ... ▼もっと読む"
279,ピーチガール（TVアニメ動画）,2005年冬アニメ,3.2,https://img.anikore.jp/5188MJS5YEL.jpg._AA240_.jpg?width=122&height=122&type=crop&category=amazon,"『ピーチガール』は、上田美和による日本の漫画作品。
コギャル風な外見で勘違いされがちだが、人一倍純粋な女子高生･もも。彼女が想いを寄せる同級生･とーじと、小悪魔的な美少女･さえ、学園一のモテ男... ▼もっと読む"
280,少年ハリウッド -HOLLY STAGE FOR 50-（TVアニメ動画）,2015年冬アニメ,3.6,https://img.anikore.jp/images/anime/7/2/0/8720/8720.jpg?width=122&height=122&type=crop,"小説『少年ハリウッド』の15年後の世界を舞台としている。

原宿にある劇場・ハリウッド東京で活動するアイドルユニット・少年ハリウッドの夢と成長を描くオリジナルストーリーの第2シーズン。

... ▼もっと読む"
281,To Heart－Remember my memories－（TVアニメ動画）,2004年秋アニメ,3.5,https://img.anikore.jp/images/anime/6/8/3/683/683.jpg?width=122&height=122&type=crop,"それは、時に優しく、時に激しく。時に冷たく…でもやがて、暖かく。めぐり来る季節は彩を重ね、オレたちもそれに包まれて、少しずつ変わりはじめていた。
3年生となり、高校生活最後の1年を迎えた浩之や... ▼もっと読む"
282,カブキブ！（TVアニメ動画）,2017年春アニメ,3.2,https://img.anikore.jp/images/anime/1/6/4/11164/11164.jpg?width=122&height=122&type=crop,"歌舞伎大好きな高校1年生、来栖黒悟(くるすくろご)の夢は、部活で歌舞伎をすること。
けれど、入学した高校にそんな部は存在しない。
「それなら、自分たちで作っちゃえばいいんじゃ... ▼もっと読む"
283,ご近所物語（TVアニメ動画）,1995年夏アニメ,3.4,https://img.anikore.jp/51CBM0EP5ML.jpg._AA240_.jpg?width=122&height=122&type=crop&category=amazon,主人公の幸田実果子は、矢澤芸術学院（通称ヤザガク）の服飾デザイン科に通う高校1年生。夢はデザイナーになって自分のブランドの店を持つことで、夢の実現のために頑張っている。同じマンションのお隣さん山... ▼もっと読む
284,マジきゅんっ！ルネッサンス（TVアニメ動画）,2016年秋アニメ,3.5,https://img.anikore.jp/images/anime/7/1/0/10710/10710.jpg?width=122&height=122&type=crop,アルティスタと呼ばれる魔法芸術家の卵たちが集まる私立星ノ森魔法芸術高校を舞台とした作品だ。私立星ノ森魔法芸術高校に転校生として通う主人公と、未来のエンターテイナーを目指す6人の男の子によるスクー... ▼もっと読む
285,こみっくパーティー（TVアニメ動画）,2001年春アニメ,3.2,https://img.anikore.jp/images/anime/3/5/2/352/352.jpg?width=122&height=122&type=crop,"第1志望の美術大学に落ち目標を見失っていた千堂和樹は、幼馴染の九品仏大志に半ば強引に同人誌の世界へ引き込まれる。しかしその画才により、和樹は同人界でたちまち頭角を現していく。
ただ、創作意欲は... ▼もっと読む"
286,とんかつDJアゲ太郎（TVアニメ動画）,2016年春アニメ,3.3,https://img.anikore.jp/images/anime/0/7/6/10076/10076.jpg?width=122&height=122&type=crop,"少年ジャンプ＋にて連載されている、とんかつ屋の跡取り息子・勝又揚太郎を主人公とした青春ギャグマンガが原作。

ひょんなことからクラブカルチャーに触れ衝撃を受けた揚太郎が、1人前のDJととんか... ▼もっと読む"
287,リトルバスターズ！番外編「世界の斉藤は俺が守る！」 （その他）,2013年8月28日,3.6,https://img.anikore.jp/images/anime/5/7/7/8577/8577.jpg?width=122&height=122&type=crop,"恭介の考えたいつものバトルと、来ヶ谷唯湖のサディステックなイタズラ。
お風呂シーンや着替えシーンが多く盛り込まれた終始ギャグ展開で、サービスカットとキャラクターの魅力を前面に押し出した萌え要素... ▼もっと読む"
288,風人物語（TVアニメ動画）,2004年夏アニメ,3.8,https://img.anikore.jp/511WM8391ZL.jpg._AA240_.jpg?width=122&height=122&type=crop&category=amazon,"部員がたった2人のデジカメ部の部長で空を撮るのが好きな女の子・ナオと同じくデジカメ部に所属しナオと親友のミキ。
ある日、風を自由に操ることができる空飛ぶ猫をいつもの撮影場所である校舎屋上で目撃... ▼もっと読む"
289,ダーティペア（TVアニメ動画）,1985年夏アニメ,3.8,https://img.anikore.jp/5177KYG32WL.jpg._AA240_.jpg?width=122&height=122&type=crop&category=amazon,舞台は22世紀の銀河系宇宙。銀河連合が「クラレッタ三重星事件」を教訓に設置したあらゆるトラブルに対処する専門機関、WWWA（スリー・ダブリュー・エー、World Welfare Works As... ▼もっと読む
290,みゆき（TVアニメ動画）,1983年春アニメ,3.6,https://img.anikore.jp/215SW3V1ABL.jpg._AA240_.jpg?width=122&height=122&type=crop&category=amazon,美人でおしとやかなクラスメイトの鹿島みゆき。海外から帰国し一緒に住みはじめた妹のみゆき。２人のみゆきの間で揺れ動く若松真人は、重大な秘密を１人で抱えています。妹のみゆきに本当に好きな人ができ、嫁... ▼もっと読む
291,ロック・リーの青春フルパワー忍伝（TVアニメ動画）,2012年春アニメ,3.6,https://img.anikore.jp/images/anime/6/8/5/3685/3685.jpg?width=122&height=122&type=crop,『ロック・リーの青春フルパワー忍伝』は、平健史による漫画作品。「最強ジャンプ」にて連載。2012年にTVアニメ化。ここは木ノ葉隠れの里。「NARUTO‐ナルト‐」の主人公で有名な、忍者・ナルトも... ▼もっと読む
292,蒼き伝説シュート！（TVアニメ動画）,1993年秋アニメ,3.3,https://img.anikore.jp/images/anime/2/0/1/201/201.jpg?width=122&height=122&type=crop,掛川市立西中学校のサッカー部で「掛西中トリオ」と呼ばれていた田仲俊彦、平松和広、白石健二の三人。三人はともに掛川高校へ入学し、サッカー部に入る。そこで「天才」と呼ばれる久保嘉晴と出会い、創設二年... ▼もっと読む
293,覇穹 封神演義（TVアニメ動画）,2018年冬アニメ,2.6,https://img.anikore.jp/images/anime/4/6/1/11461/11461.jpg?width=122&height=122&type=crop,"現在から三千年以上前の古代中国、殷王朝の時代。
時の皇帝・紂王(ちゅうおう)は、文武両道に長けた名君であった。

だが、絶世の美女・妲己(だっき)を皇后に迎... ▼もっと読む"
294,てーきゅう ベストセレクション（TVアニメ動画）,2014年夏アニメ,3.6,https://img.anikore.jp/images/anime/0/9/2/8092/8092.jpg?width=122&height=122&type=crop,詳細不明 ▼もっと読む
295,DEAR BOYS[ディア ボーイズ]（TVアニメ動画）,2003年春アニメ,3.4,https://img.anikore.jp/51M6HFA0S0L.jpg._AA240_.jpg?width=122&height=122&type=crop&category=amazon,"過去に起きた事件によってほとんどの部員が去り、4人しか残らなかったことでチームが組めず、休部状態になっていた瑞穂高校バスケットボール部。
藤原たちが2年生の秋、元天童寺高校バスケットボール部キ... ▼もっと読む"
296,人生ベストテン（TVアニメ動画）,2013年冬アニメ,3.4,https://img.anikore.jp/images/anime/7/8/6/4786/4786.jpg?width=122&height=122&type=crop,"鳩子は４０歳の誕生日を目前に控えた独身のキャリアウーマン。けっこうイケてるはずなのに、恋も仕事もパッとしない。
鳩子にとって、今のところの「人生のハイライト」は中学２年生の夏。好きな男子に告白... ▼もっと読む"
297,アイドルメモリーズ（TVアニメ動画）,2016年秋アニメ,2.7,https://img.anikore.jp/images/anime/7/8/9/10789/10789.jpg?width=122&height=122&type=crop,バーチャル空間でのアイドル活動が活発化する近未来で、2つのアイドルユニットの成長を描く青春ストーリー。 ▼もっと読む
298,ドカベン（TVアニメ動画）,1976年秋アニメ,3.5,https://img.anikore.jp/51KWV4XNK1L.jpg._AA240_.jpg?width=122&height=122&type=crop&category=amazon,鷹丘中学の柔道部で活躍するドカベンこと山田太郎。実は彼はある事情から、本来は好きな野球を離れていた身上だった。だが再び野球の道を歩む彼は明訓高校に入学。“男”岩鬼や“小さな巨人”里中、“秘打男”... ▼もっと読む
299,陽あたり良好！（TVアニメ動画）,1987年春アニメ,3.5,https://img.anikore.jp/51HQDPETH3L.jpg._AA240_.jpg?width=122&height=122&type=crop&category=amazon,この春から明条高校の1年生になった岸本かすみは、高校の近くにある叔母の家に下宿し、そこから通学することになった。だが、『ヒマだから下宿屋を始めることにした』という叔母の発案で、叔母宅は突如として... ▼もっと読む
300,ななか6／17（TVアニメ動画）,2003年冬アニメ,3.5,https://img.anikore.jp/41YZPCMPMVL.jpg._AA240_.jpg?width=122&height=122&type=crop&category=amazon,霧里七華（ななか）は、高校２年生の１７歳。幼なじみの凪原稔二と同じ高校へ通っている。ところがある日、突然の事故がキッカケで、６歳から後の記憶がなくなってしまい、心だけが子供のななかに戻ってしま... ▼もっと読む
301,MARGINAL#4 KISSから創造るBig Bang（TVアニメ動画）,2017年冬アニメ,3.2,https://img.anikore.jp/images/anime/6/2/0/10620/10620.jpg?width=122&height=122&type=crop,"銀河級にきらめく青春ステージ、Big Bang！

小雪のちらつく2月13日——。
ピタゴラスプロダクションから１組のアイドルユニットが誕生した。

それは“銀河の果てまでKISSを届... ▼もっと読む"
302,超GALS！寿蘭（TVアニメ動画）,2001年春アニメ,3.4,https://img.anikore.jp/215JEBQK78L.jpg._AA240_.jpg?width=122&height=122&type=crop&category=amazon,"持ち前の正義感で突っ走る“渋谷系カリスマコギャル”が巻き起こす騒動を描いたコメディアニメ。
寿蘭（ことぶきらん）は鳳南（ほうなん）高校に通う女子高生。警官一家に生まれ、両親と兄が警察官で妹が警... ▼もっと読む"
303,The かぼちゃワイン（TVアニメ動画）,1982年夏アニメ,3.2,https://img.anikore.jp/51EH7VGNB5L.jpg._AA240_.jpg?width=122&height=122&type=crop&category=amazon,転校生の青葉春助が地図を片手にサンシャイン学園中学にのりこんできた。誰もいないので「一番乗り」と喜んでいると実はこの日は開校記念日で休みである。がっかりしているところに大型美人のエルこと朝丘夏美... ▼もっと読む
304,鎧伝サムライトルーパー（TVアニメ動画）,1988年春アニメ,3.3,https://img.anikore.jp/51M%2BOJwvfjL.jpg._AA240_.jpg?width=122&height=122&type=crop&category=amazon,遥かなる伝説の時代、この世に邪悪がはびこりし時、一人の武者が現れた。その武者、正しき心を力とし妖邪帝王・阿羅醐を討伐する。妖邪帝王の野望を打ち砕くも、残された鎧の怨念を浄化すること敵わず。その武... ▼もっと読む
305,プレイボール（TVアニメ動画）,2005年夏アニメ,3.3,https://img.anikore.jp/517XSV5RNFL.jpg._AA240_.jpg?width=122&height=122&type=crop&category=amazon,"中学時代の試合で指を骨折し、その後遺症から野球の出来なくなった谷口タカオ。墨谷高校入学後、実際にはプレーできない野球部を毎日眺めていた。

それを見かねたサッカー部キャプテンが、出来ない野球... ▼もっと読む"
306,課長王子（TVアニメ動画）,1999年夏アニメ,3.3,https://img.anikore.jp/21P6Z0X957L.jpg._AA240_.jpg?width=122&height=122&type=crop&category=amazon,課長王子は、AIC制作の日本のTVアニメ。1999年にWOWOWにて放送。主人公の田中王児は、しがないサラリーマン。社宅に住まい、通勤ラッシュにも まれる毎日だ。今の彼がかつて人気のハードロック... ▼もっと読む
307,水色時代（TVアニメ動画）,1996年春アニメ,3.2,https://img.anikore.jp/images/anime/1/7/9/2179/2179.jpg?width=122&height=122&type=crop,河合優子は12歳になったばかりの小学6年生。小学校では一番大人だけど、中学生とかと比べると、まだまだ子供。最近、優子のクラスでは、女子の間でブラジャーや生理が「まだ」か「もう」かの噂がうるさくて... ▼もっと読む
308,下級生（TVアニメ動画）,1999年夏アニメ,3.0,https://img.anikore.jp/images/anime/2/7/0/270/270.jpg?width=122&height=122&type=crop,親友と同じ人を好きになってしまった少女たちの切ない恋愛模様を描く。パソコン版、コンシューマ版ともに大ヒットを記録した恋愛シミュレーションゲームのTV化。1998年に発売されたOVA版とはヒロイン... ▼もっと読む
309,新エースをねらえ！（TVアニメ動画）,1978年秋アニメ,3.8,https://img.anikore.jp/images/anime/0/8/4/84/84.jpg?width=122&height=122&type=crop,厳しくも暖かい宗方から鍛えられ、めきめき力をつけていくひろみ。しかし彼女は知らない。深い信頼を寄せた彼が病魔に冒されていることを。海外遠征に赴くひろみを想いながら宗方は病室でこう書き残す。“岡、... ▼もっと読む
310,プレイボール 2nd（TVアニメ動画）,2006年冬アニメ,3.1,https://img.anikore.jp/517XSV5RNFL.jpg._AA240_.jpg?width=122&height=122&type=crop&category=amazon,中学時代の試合で指を骨折し、その後遺症から野球ができなくなった谷口タカオ。墨谷高校入学後、実際にはプレーできない野球部を毎日眺めていた。それを見かねたサッカー部キャプテンが、できない野球に未練を... ▼もっと読む
311,プリンセスナイン 如月女子高野球部（TVアニメ動画）,1998年春アニメ,3.5,https://img.anikore.jp/514XMWC34ML.jpg._AA240_.jpg?width=122&height=122&type=crop&category=amazon,早川涼は天性の野球の才能を買われ、名門お嬢様学校「如月女子高校」に特待生として入学する。理事長・氷室桂子は女子だけの野球部を創設し、男子と対等に甲子園で闘うことを狙っていた。しかし、足りない部員... ▼もっと読む
312,カップヌードルＣＭサザエさん（その他）,2017年11月22日,3.4,https://img.anikore.jp/images/anime/4/1/9/11419/11419.jpg?width=122&height=122&type=crop,"「青春（アオハル）」をテーマに「魔女の宅急便」「アルプスの少女ハイジ」を起用し、話題を呼んでいるカップヌードルのＣＭ第３弾です。
11月22日の「いい夫婦の日」に新たに公開されるのは、国民的漫... ▼もっと読む"
313,トライブクルクル - tribecoolcrew -（TVアニメ動画）,2014年秋アニメ,3.5,https://img.anikore.jp/images/anime/2/6/7/8267/8267.jpg?width=122&height=122&type=crop,ある日の放課後、ハネルは秘密の練習場所で同じようにダンスを練習する長身の中学生、音咲(オトサキ)カノンと出会い、2人は初めて一緒に踊り、人とダンスをする楽しさと自分のダンスを見て... ▼もっと読む
314,空手バカ一代（TVアニメ動画）,1973年秋アニメ,3.1,https://img.anikore.jp/215A6PXMXZL.jpg._AA240_.jpg?width=122&height=122&type=crop&category=amazon,大山倍達の興行価値に目をつけた、プロモーターのタッド若松は、沖縄でプロレスと試合をするよう勧める。多額の借金を背おっていた大山はこの話に気持がぐらつく。沖縄入りしたのは、大山のほかに、柔道の藤田... ▼もっと読む
315,名門！第三野球部（TVアニメ動画）,1988年秋アニメ,3.4,https://img.anikore.jp/images/anime/0/3/5/3035/3035.jpg?width=122&height=122&type=crop,『週刊少年マガジン』に連載された、むつ利之による本格派高校野球漫画をアニメ化。アニメの制作は『ハイスクール！奇面組』、『涼風』のスタジオコメットが行っている。いつもいじめられてばかりの高校生・檜... ▼もっと読む
316,カップヌードルＣＭアルプスの少女ハイジ（その他）,2017年9月14日,3.3,https://img.anikore.jp/images/anime/4/2/4/11424/11424.jpg?width=122&height=122&type=crop,"アオハル第二弾！

「アルプスの少女ハイジ」の青春。もし、ハイジやクララ、ペーターが、現代の日本で高校生活を送っていたら？　そんな「もしも」を描く、アルプスの少女ハイジのパラレルワールド。ま... ▼もっと読む"
317,カップヌードルＣＭ魔女の宅急便（その他）,2017年6月19日,3.3,https://img.anikore.jp/images/anime/4/2/1/11421/11421.jpg?width=122&height=122&type=crop,"「すべての人に青春はある。あらゆるものに青春は宿る。何事にも熱くて、青くて・・・そんなハングリーな日々を応援する」
をテーマとした2017年日清カップヌードルの新CMシリーズ「HUNGRY D... ▼もっと読む"
318,カップヌードルＣＭ最終回篇（その他）,2018年1月26日,3.1,https://img.anikore.jp/images/anime/5/6/4/11564/11564.jpg?width=122&height=122&type=crop,"「すべての人に青春はある。あらゆるものに青春は宿る。何事にも熱くて、青くて・・・そんなハングリーな日々を応援する」
をテーマとした日清カップヌードルのCMシリーズ「HUNGRY DAYS」
... ▼もっと読む"
319,ブレイブビーツ（TVアニメ動画）,2015年秋アニメ,3.1,https://img.anikore.jp/images/anime/1/2/7/10127/10127.jpg?width=122&height=122&type=crop,メ～テレ・テレビ朝日系全国ネットにて放送の本格的ストリートダンスアニメ「トライブクルクル」の制作チームが贈る新作。 ▼もっと読む
320,ナイン２　恋人宣言（TVアニメ動画）,1983年秋アニメ,3.4,https://img.anikore.jp/images/anime/nophoto.jpg,あだち充の青春野球漫画の秀作『ナイン』のTVスペシャルアニメ化・第二弾。 青秀高校の野球部に集う、新見克也や唐沢進たちチームメイト。彼らも二年生に進学したが、後輩として入学してきたのは山中二郎。... ▼もっと読む
321,ドリフェス！R（TVアニメ動画）,2017年夏アニメ,2.8,https://img.anikore.jp/images/anime/3/4/8/11348/11348.jpg?width=122&height=122&type=crop,"新たに開かれる本当のアイドルへの扉。
「ドリフェス！」で優勝し、CDデビューを勝ち取った天宮奏、及川慎、佐々木純哉、片桐いつき、沢村千弦たち5人のユニット“DearDream”。期待の新人アイ... ▼もっと読む"
322,パズドラTVCM「転校生」篇（その他）,2015年10月12日,3.2,https://img.anikore.jp/images/anime/1/9/3/10193/10193.jpg?width=122&height=122&type=crop,"新TVCM「転校生篇」は、海に面したとある学校に東京から転校生である主人公がやってくるところから物語はスタート。

新しい環境になじめない主人公が「パズドラ」をプレイしていると突然スマホが動... ▼もっと読む"
323,群青（Webアニメ）,2016年7月25日,3.0,https://img.anikore.jp/images/anime/9/1/8/10918/10918.jpg?width=122&height=122&type=crop,"幼馴染の順とこはる。
同じ街で育ち、互いに同じ想いを募らせていた。
しかし、時が流れ次第に二人の距離は離れていき.....。

日本工学院専門学校の自主制作アニメ。
（日本工学院 マン... ▼もっと読む"
324,TOWN WORKERS ータウンワーカーズー（Webアニメ）,2014年9月17日,3.7,https://img.anikore.jp/images/anime/5/7/9/9579/9579.jpg?width=122&height=122&type=crop,"岩井俊二がアルバイトと若者をテーマに描く
アニメーション３部作。 ▼もっと読む"
325,光の伝説（TVアニメ動画）,1986年春アニメ,3.4,https://img.anikore.jp/21V90DAXEBL.jpg._AA240_.jpg?width=122&height=122&type=crop&category=amazon,愛香学園中等部二年生で新体操部員の上条光がライバルである椎名葉月とともに天性の才能を伸ばし世界を舞台に活躍する。新体操を物語のメインとし、光を想う二人の男子生徒との切ない恋愛模様も描く。 ▼もっと読む
