,TITLE,ANIME_TITLE,IMAGE,AUDIO
0,サタデー・ナイト・クエスチョン,ネト充のススメ　OP,http://is3.mzstatic.com/image/thumb/Music128/v4/63/aa/8a/63aa8ab0-e56d-13c6-170c-a227c1ae52fc/source/100x100bb.jpg,https://audio-ssl.itunes.apple.com/apple-assets-us-std-000001/AudioPreview118/v4/5a/96/e8/5a96e8da-fd82-51e0-daeb-41cdef901639/mzaf_7018480984064806468.plus.aac.p.m4a
1,Zoetrope,AMNESIA　OP,http://is5.mzstatic.com/image/thumb/Music/v4/70/94/54/709454c6-20ed-caa6-863d-5536c3440cfa/source/100x100bb.jpg,https://audio-ssl.itunes.apple.com/apple-assets-us-std-000001/Music/v4/82/57/c2/8257c2bb-04d4-47e1-409a-52035568e5a1/mzaf_2912931154763253678.plus.aac.p.m4a
2,X.U.,終わりのセラフ OP,http://is1.mzstatic.com/image/thumb/Music5/v4/25/64/5b/25645b27-3085-ba73-c17e-3b85e4d32e90/source/100x100bb.jpg,https://audio-ssl.itunes.apple.com/apple-assets-us-std-000001/Music1/v4/1b/4c/9b/1b4c9b82-54de-7b4e-912d-a7eb4797b4bb/mzaf_2386483229856971098.plus.aac.p.m4a
3,All Alone With You,PSYCHO-PASS サイコパス ED,http://is3.mzstatic.com/image/thumb/Music2/v4/de/5e/62/de5e6251-0b2c-3c7f-55f2-77f59653c29d/source/100x100bb.jpg,https://audio-ssl.itunes.apple.com/apple-assets-us-std-000001/Music/v4/73/1c/88/731c889f-2bc3-4274-a4f7-6356c126a729/mzaf_3015735458188356356.plus.aac.p.m4a
4,More One Night,少女終末旅行 ED,http://is4.mzstatic.com/image/thumb/Music128/v4/2a/68/1e/2a681e98-7aec-fd25-d6e6-a76d1fa50ac1/source/100x100bb.jpg,https://audio-ssl.itunes.apple.com/apple-assets-us-std-000001/AudioPreview128/v4/23/2b/2f/232b2f26-18af-a12b-1e54-81fffc9efa5a/mzaf_2251336773073529548.plus.aac.p.m4a
5,君へ,中二病でも恋がしたい! Lite　OP,http://is1.mzstatic.com/image/thumb/Music/v4/58/8d/77/588d7724-1ff7-c59b-c7f1-7ebe6e6528ef/source/100x100bb.jpg,https://audio-ssl.itunes.apple.com/apple-assets-us-std-000001/Music/v4/49/c3/89/49c38938-c6e0-c3d2-db83-90f3fc78e205/mzaf_6846284633271545381.plus.aac.p.m4a
6,tune the rainbow,ラーゼフォン 多元変奏曲 ED,http://is4.mzstatic.com/image/thumb/Music/v4/23/d2/3f/23d23fa4-7616-083d-eb53-107169c5b45e/source/100x100bb.jpg,https://audio-ssl.itunes.apple.com/apple-assets-us-std-000001/Music/3b/f9/7e/mzi.xyocizaz.aac.p.m4a
7,Red fraction,BLACK LAGOON OP,http://is4.mzstatic.com/image/thumb/Music/v4/e0/16/d9/e016d9c6-34e9-7b83-9a75-4fd57ad420de/source/100x100bb.jpg,https://audio-ssl.itunes.apple.com/apple-assets-us-std-000001/Music/v4/bf/a3/ca/bfa3cabd-fd36-349f-a646-36dceace80e8/mzaf_4165281848626733249.plus.aac.p.m4a
8,ビードロ模様,あの夏で待ってる ED,http://is3.mzstatic.com/image/thumb/Music/v4/2f/4f/93/2f4f931c-c480-2d67-5782-6d54fc096bad/source/100x100bb.jpg,https://audio-ssl.itunes.apple.com/apple-assets-us-std-000001/Music2/v4/b6/84/33/b68433ee-3ca5-7418-7b45-660e7d2ce820/mzaf_2058959533705163419.plus.aac.p.m4a
9,Harvest,灰と幻影のグリムガル ED,http://is1.mzstatic.com/image/thumb/Music69/v4/16/d3/db/16d3dbe4-f8fa-73eb-666b-8c9ab48143aa/source/100x100bb.jpg,https://audio-ssl.itunes.apple.com/apple-assets-us-std-000001/Music69/v4/6f/01/76/6f017675-b14c-cb5d-0ee5-a34122d7649e/mzaf_6814608188678491631.plus.aac.p.m4a
10,"My Soul, Your Beats!",Angel Beats! OP,http://is1.mzstatic.com/image/thumb/Music/v4/61/e9/ec/61e9ecf8-9780-1ff3-8d10-d2c967960a66/source/100x100bb.jpg,https://audio-ssl.itunes.apple.com/apple-assets-us-std-000001/Music/v4/98/58/23/9858237f-1820-df1c-c1c1-88793d526977/mzaf_3764980862259014239.plus.aac.p.m4a
11,Brightdown,D.Gray-man OP,http://is5.mzstatic.com/image/thumb/Music4/v4/00/bc/38/00bc3871-a473-314d-8fab-50e3252907b7/source/100x100bb.jpg,https://audio-ssl.itunes.apple.com/apple-assets-us-std-000001/Music/v4/4c/88/5e/4c885e83-e104-bc0c-758c-85c62eb7a38b/mzaf_9051937245895685537.plus.aac.p.m4a
12,アンインストール,ぼくらの OP,http://is3.mzstatic.com/image/thumb/Music/v4/03/af/88/03af88ff-2b60-606b-8e36-04efd501cbfe/source/100x100bb.jpg,https://audio-ssl.itunes.apple.com/apple-assets-us-std-000001/Music/v4/a8/d9/e7/a8d9e7e9-33bd-2cf7-1aaa-8d0864d3e5ef/mzaf_872140362012282245.plus.aac.p.m4a
13,コンプリケイション,デュラララ!! OP,http://is2.mzstatic.com/image/thumb/Music2/v4/e9/de/ec/e9deec69-938e-389b-d780-11eecfba0fca/source/100x100bb.jpg,https://audio-ssl.itunes.apple.com/apple-assets-us-std-000001/Music6/v4/39/4c/a2/394ca2fb-679e-69be-8b9c-b814a522ed5d/mzaf_4184922457206377452.plus.aac.p.m4a
14,gravityWall,Re:CREATORS OP,http://is2.mzstatic.com/image/thumb/Music117/v4/c8/23/27/c823275f-e118-02db-be84-2722d27f6b05/source/100x100bb.jpg,https://audio-ssl.itunes.apple.com/apple-assets-us-std-000001/AudioPreview117/v4/fd/2f/0f/fd2f0f29-7809-93f1-f622-f092ca2c2389/mzaf_5668092047998056723.plus.aac.p.m4a
15,ninelie,甲鉄城のカバネリ ED,http://is5.mzstatic.com/image/thumb/Music49/v4/5b/d3/65/5bd36565-f81a-fecd-b577-bbb5806b66d2/source/100x100bb.jpg,https://audio-ssl.itunes.apple.com/apple-assets-us-std-000001/AudioPreview20/v4/23/97/c2/2397c239-9833-36f7-5402-17faadd8d2a1/mzaf_4259995779286552032.plus.aac.p.m4a
16,euphoric field,ef – a tale of memories. OP,http://is5.mzstatic.com/image/thumb/Music/v4/bf/1f/15/bf1f15fb-1553-8111-0957-836e8a25c3ab/source/100x100bb.jpg,https://audio-ssl.itunes.apple.com/apple-assets-us-std-000001/AudioPreview71/v4/b9/f2/25/b9f225a1-b378-2124-2fd2-1800aff5e5aa/mzaf_1152256253723813583.plus.aac.p.m4a
17,Won(*3*)Chu KissMe!,桜Trick OP,http://is4.mzstatic.com/image/thumb/Music4/v4/ac/de/d3/acded3da-f2c7-058e-f677-c6be2c681c56/source/100x100bb.jpg,https://audio-ssl.itunes.apple.com/apple-assets-us-std-000001/Music6/v4/cb/d5/f4/cbd5f464-371d-ec3a-d3a5-ea170a4e6c62/mzaf_1558946006964299034.plus.aac.p.m4a
18,SAVIOR OF SONG,蒼き鋼のアルペジオ -アルス・ノヴァ- OP,http://is4.mzstatic.com/image/thumb/Music4/v4/04/40/99/0440995d-76a3-0868-2d77-3c728dc0a7ba/source/100x100bb.jpg,https://audio-ssl.itunes.apple.com/apple-assets-us-std-000001/Music4/v4/07/43/4b/07434bd4-5429-ac38-c36b-d3654f48132f/mzaf_1908254330158536970.plus.aac.p.m4a
19,The Everlasting Guilty Crown,ギルティクラウン OP,http://is4.mzstatic.com/image/thumb/Music/v4/73/13/8e/73138e47-32d4-1e5e-380f-6f6aac08ce58/source/100x100bb.jpg,https://audio-ssl.itunes.apple.com/apple-assets-us-std-000001/Music2/v4/29/48/28/294828f5-a223-091c-633f-fa6f0917abef/mzaf_2319599979060974504.plus.aac.p.m4a
20,Stella-rium,放課後のプレアデス OP,http://is2.mzstatic.com/image/thumb/Music1/v4/8a/21/61/8a2161b1-2c6a-b08e-20df-f318a9423b48/source/100x100bb.jpg,https://audio-ssl.itunes.apple.com/apple-assets-us-std-000001/Music2/v4/23/e1/b9/23e1b999-5fb4-21c8-b6c4-adf87c985ee0/mzaf_4045171398907640432.plus.aac.p.m4a
21,幻想ドライブ,迷家-マヨイガ- OP,http://is5.mzstatic.com/image/thumb/Music122/v4/5f/13/45/5f1345de-aaae-6a48-8c73-f31e7d02664c/source/100x100bb.jpg,https://audio-ssl.itunes.apple.com/apple-assets-us-std-000001/AudioPreview122/v4/4a/60/69/4a6069a5-9dc4-e11c-5457-c76be8db8ec3/mzaf_7712434649817019381.plus.aac.p.m4a
22,ASH,Fate/Apocrypha OP,http://is5.mzstatic.com/image/thumb/Music128/v4/1b/4f/c4/1b4fc407-b9c3-499b-d9ab-06c7f2c0fa51/source/100x100bb.jpg,https://audio-ssl.itunes.apple.com/apple-assets-us-std-000001/AudioPreview128/v4/7f/e3/23/7fe323ba-6e51-2889-3ccb-949f009cc0dd/mzaf_3910110751486931541.plus.aac.p.m4a
23,Over The Sky,LAST EXILE ED,http://is1.mzstatic.com/image/thumb/Music/v4/c6/be/d2/c6bed203-89e0-744d-8311-5472916124d1/source/100x100bb.jpg,https://audio-ssl.itunes.apple.com/apple-assets-us-std-000001/Music/v4/ea/ab/ac/eaabace7-bde0-93c2-3563-8bcc29123ec7/mzaf_3079922480864636749.plus.aac.p.m4a
24,mind as Judgment,CANAAN OP,http://is3.mzstatic.com/image/thumb/Music/v4/0d/47/95/0d47951f-c6a2-cd5a-a8c5-9274f3157049/source/100x100bb.jpg,https://audio-ssl.itunes.apple.com/apple-assets-us-std-000001/AudioPreview71/v4/39/5f/02/395f02ff-e09d-aeb4-edbc-843fc8a0e691/mzaf_5598366483192685768.plus.aac.p.m4a
25,sakura,交響詩篇エウレカセブン OP,http://is1.mzstatic.com/image/thumb/Music5/v4/83/4f/4b/834f4bb8-2fe1-9b0d-5855-6b4d36d82b27/source/100x100bb.jpg,https://audio-ssl.itunes.apple.com/apple-assets-us-std-000001/Music1/v4/80/f8/82/80f8825b-17fb-2406-cff0-27c35afe4f17/mzaf_7875210581187591559.plus.aac.p.m4a
26,青空のナミダ,BLOOD+ OP,http://is3.mzstatic.com/image/thumb/Music7/v4/80/80/01/80800106-618c-ce2a-c3b5-2ccf0feb56c3/source/100x100bb.jpg,https://audio-ssl.itunes.apple.com/apple-assets-us-std-000001/Music1/v4/66/48/51/6648511f-990b-62c6-3e9f-d14019460f9f/mzaf_4997642042032517524.plus.aac.p.m4a
27,紅蓮の弓矢,進撃の巨人 OP,http://is1.mzstatic.com/image/thumb/Music6/v4/5b/0c/27/5b0c273c-0d58-5410-a6bb-7cbae9694e71/source/100x100bb.jpg,https://audio-ssl.itunes.apple.com/apple-assets-us-std-000001/AudioPreview71/v4/24/62/44/2462446b-1bd7-d180-273e-6b654ae737de/mzaf_3483347302254810362.plus.aac.p.m4a
28,oath sign,Fate/Zero OP,http://is4.mzstatic.com/image/thumb/Music/v4/e7/af/ae/e7afae19-720a-7671-60f4-a6f240aca740/source/100x100bb.jpg,http://a878.phobos.apple.com/us/r30/Music6/v4/92/42/25/9242251a-e4d0-31ad-e00d-093c70534837/mzaf_7984664057922774922.plus.aac.p.m4a
29,IGNITE,ソードアート・オンラインII OP,http://is2.mzstatic.com/image/thumb/Music5/v4/dc/79/c1/dc79c1ec-ea32-4bf6-de85-565ed2e0d11a/source/100x100bb.jpg,https://audio-ssl.itunes.apple.com/apple-assets-us-std-000001/Music3/v4/09/39/7c/09397c92-fb7a-8374-f6ba-6b6be3f91ec0/mzaf_2139415362785390981.plus.aac.p.m4a
30,Can’t you say,恋と嘘　ED,http://is4.mzstatic.com/image/thumb/Music118/v4/4c/47/dd/4c47dded-9d55-0b9a-2f3e-b4d43f651195/source/100x100bb.jpg,https://audio-ssl.itunes.apple.com/apple-assets-us-std-000001/AudioPreview128/v4/08/75/18/087518cd-9b67-47ee-ac1c-b04b754c77dc/mzaf_961343826306806858.plus.aac.p.m4a
31,ZERO!!,はたらく魔王さま! OP,http://is3.mzstatic.com/image/thumb/Music2/v4/7f/37/09/7f370902-ca57-9530-ef5c-499ab1fa8752/source/100x100bb.jpg,https://audio-ssl.itunes.apple.com/apple-assets-us-std-000001/AudioPreview19/v4/5b/cb/ce/5bcbce33-de1d-c86b-c5d7-2a715a306f4b/mzaf_1967662581609501967.plus.aac.p.m4a
32,key plus words,Persona4 the ANIMATION OP,http://is2.mzstatic.com/image/thumb/Music/v4/29/7c/41/297c41a0-bc2c-ad8b-99d6-384c539bc30e/source/100x100bb.jpg,https://audio-ssl.itunes.apple.com/apple-assets-us-std-000001/Music/v4/a5/f4/ae/a5f4ae3c-954d-e73d-8615-76da5b23c298/mzaf_1438701463486415507.plus.aac.p.m4a
33,曇天,銀魂 OP,http://is4.mzstatic.com/image/thumb/Music/v4/86/d9/19/86d9193f-1dbe-9d09-f580-2e1bba9c6ceb/source/100x100bb.jpg,https://audio-ssl.itunes.apple.com/apple-assets-us-std-000001/AudioPreview62/v4/37/fe/3f/37fe3f4c-5da3-6b68-83bd-22f7003af73b/mzaf_561224106566903774.plus.aac.p.m4a
34,irony,俺の妹がこんなに可愛いわけがない OP,http://is1.mzstatic.com/image/thumb/Music/v4/ab/9c/49/ab9c4981-4e78-810d-8177-c90c95b279f9/source/100x100bb.jpg,https://audio-ssl.itunes.apple.com/apple-assets-us-std-000001/AudioPreview19/v4/f4/77/55/f477559c-d126-b1c7-9396-8eb1de7fdb41/mzaf_7661591662391964850.plus.aac.p.m4a
35,Venus Say,ふたつのスピカ OP,http://is1.mzstatic.com/image/thumb/Music/v4/3b/61/5a/3b615a3d-2c88-a412-404b-2c7db151ea49/source/100x100bb.jpg,https://audio-ssl.itunes.apple.com/apple-assets-us-std-000001/AudioPreview71/v4/5a/19/c5/5a19c5d6-a310-7878-564c-68262ce67adf/mzaf_2077321931216568918.plus.aac.p.m4a
36,Beat your Heart,ブブキ・ブランキ OP,http://is2.mzstatic.com/image/thumb/Music49/v4/fe/9d/fc/fe9dfc75-3f80-d253-fc95-5b269c05c531/source/100x100bb.jpg,https://audio-ssl.itunes.apple.com/apple-assets-us-std-000001/Music49/v4/b0/a5/a9/b0a5a956-c439-dacd-1ef9-7f11ae079ec7/mzaf_5421859401252810198.plus.aac.p.m4a
37,L.L.L.,オーバーロード ED,http://is2.mzstatic.com/image/thumb/Music7/v4/63/95/2a/63952a1a-d59d-68c5-c141-4e545f783af4/source/100x100bb.jpg,https://audio-ssl.itunes.apple.com/apple-assets-us-std-000001/Music1/v4/d4/2c/9f/d42c9f0a-cd74-dca2-7add-ec3e83ee8edf/mzaf_2724482745539455434.plus.aac.p.m4a
38,behind,Just Because! ED,http://is1.mzstatic.com/image/thumb/Music128/v4/7f/e3/fc/7fe3fc32-745c-547b-99f1-c3f04de87928/source/100x100bb.jpg,https://audio-ssl.itunes.apple.com/apple-assets-us-std-000001/AudioPreview128/v4/68/a3/32/68a33296-3e61-5b5b-6dba-18e5e2f5a21d/mzaf_1981350050523140680.plus.aac.p.m4a
39,The Asterisk War,学戦都市アスタリスク OP,http://is3.mzstatic.com/image/thumb/Music20/v4/7c/d4/1b/7cd41bb0-d3c6-e730-a424-3cd058e76065/source/100x100bb.jpg,https://audio-ssl.itunes.apple.com/apple-assets-us-std-000001/AudioPreview60/v4/26/a0/2d/26a02dc7-7ced-29f3-37ac-2c3077022104/mzaf_6112028768076989617.plus.aac.p.m4a
40,Open your eyes,Occultic;Nine -オカルティック・ナイン- ED,http://is4.mzstatic.com/image/thumb/Music71/v4/5f/c0/d0/5fc0d03e-06f4-b576-1233-857589f68368/source/100x100bb.jpg,https://audio-ssl.itunes.apple.com/apple-assets-us-std-000001/AudioPreview71/v4/30/13/bd/3013bd44-a699-8bed-9b31-bf860689a276/mzaf_6545477068875447919.plus.aac.p.m4a
41,Don’t say “lazy”,けいおん! ED,http://is4.mzstatic.com/image/thumb/Music/v4/68/42/ca/6842ca38-c453-1f38-5b8b-7d2445ace637/source/100x100bb.jpg,https://audio-ssl.itunes.apple.com/apple-assets-us-std-000001/Music/v4/4a/6c/61/4a6c61ef-d9e9-1070-7770-6e73cb57fa29/mzaf_68630769534845761.plus.aac.p.m4a
42,crossing field,ソードアート・オンライン OP,http://is1.mzstatic.com/image/thumb/Music/v4/23/10/ce/2310ce8e-049f-a8c6-db43-6793d8ebf101/source/100x100bb.jpg,https://audio-ssl.itunes.apple.com/apple-assets-us-std-000001/Music6/v4/a5/ff/e7/a5ffe74a-d501-21aa-ddef-ab1dd13192c3/mzaf_306675824518625731.plus.aac.p.m4a
43,Paradise Lost,喰霊-零- OP,http://is3.mzstatic.com/image/thumb/Music/v4/67/11/52/67115235-00a1-71ea-79ff-48b1a46208b3/source/100x100bb.jpg,https://audio-ssl.itunes.apple.com/apple-assets-us-std-000001/AudioPreview62/v4/d3/42/db/d342db92-befa-a7cb-019a-d93cc2a07a8b/mzaf_5830177768058293326.plus.aac.p.m4a
44,Fallen,PSYCHO-PASS サイコパス 2　ED,http://is3.mzstatic.com/image/thumb/Music5/v4/36/95/f5/3695f5ca-657d-5569-7fc1-c28811d0ddb8/source/100x100bb.jpg,https://audio-ssl.itunes.apple.com/apple-assets-us-std-000001/Music5/v4/db/b2/92/dbb292f5-cfc8-f51e-7411-abbc6bba2cee/mzaf_188300047338606676.plus.aac.p.m4a
45,夢想歌,うたわれるもの OP,http://is1.mzstatic.com/image/thumb/Music71/v4/66/9c/12/669c12cc-733c-51ea-294a-52eebecea06d/source/100x100bb.jpg,https://audio-ssl.itunes.apple.com/apple-assets-us-std-000001/Music3/v4/46/5e/3a/465e3ae6-6dc9-9aba-98f6-c8db138e7cbb/mzaf_7753136490796732320.plus.aac.p.m4a
46,COLORS,コードギアス 反逆のルルーシュ OP,http://is2.mzstatic.com/image/thumb/Music/v4/b5/28/4e/b5284e0a-8f11-1ab8-cfee-5de6fbceac90/source/100x100bb.jpg,https://audio-ssl.itunes.apple.com/apple-assets-us-std-000001/Music4/v4/db/28/b8/db28b8b8-fd1f-bb0d-d6bc-2455f8de5308/mzaf_3169664029343663304.plus.aac.p.m4a
47,チクタク,Infini-T Force ED,http://is4.mzstatic.com/image/thumb/Music128/v4/b3/c8/cd/b3c8cdd0-69fe-cb8f-d12a-3acafd0451ad/source/100x100bb.jpg,https://audio-ssl.itunes.apple.com/apple-assets-us-std-000001/AudioPreview128/v4/6a/9a/48/6a9a4800-b6aa-8bde-d374-a79a3002683a/mzaf_4616221148966530795.plus.aac.p.m4a
48,四季ノ唄,サムライチャンプルー ED,http://is2.mzstatic.com/image/thumb/Music/v4/3b/1b/0a/3b1b0a9f-be51-9d28-2c63-03a1ee4ac138/source/100x100bb.jpg,https://audio-ssl.itunes.apple.com/apple-assets-us-std-000001/Music/v4/00/f5/a6/00f5a6b2-7c71-b2cb-f7a7-1a76eeab6bad/mzaf_4786740379686354396.plus.aac.p.m4a
49,JOINT,灼眼のシャナII OP,http://is3.mzstatic.com/image/thumb/Music/v4/cb/b4/9c/cbb49c92-1622-1bce-1551-07ded37ebe5c/source/100x100bb.jpg,https://audio-ssl.itunes.apple.com/apple-assets-us-std-000001/Music/v4/f3/ff/d8/f3ffd863-12d4-c6bd-8db4-50faffd1d674/mzaf_3843822843110692581.plus.aac.p.m4a
50,シリウス,キルラキル OP,http://is4.mzstatic.com/image/thumb/Music6/v4/65/6d/47/656d473b-8ebd-f0f1-c8b7-5768b353b2a8/source/100x100bb.jpg,https://audio-ssl.itunes.apple.com/apple-assets-us-std-000001/AudioPreview71/v4/8e/ff/29/8eff2971-1780-50a4-0808-3eb2a604b864/mzaf_2846248054811162114.plus.aac.p.m4a
51,小さなてのひら,CLANNAD ～AFTER STORY～ IN,http://is2.mzstatic.com/image/thumb/Music/v4/f6/c6/95/f6c69577-4844-0bff-9872-0e12e5b13904/source/100x100bb.jpg,https://audio-ssl.itunes.apple.com/apple-assets-us-std-000001/AudioPreview127/v4/6e/c2/85/6ec285eb-f02d-e17f-c405-30b36edaaeea/mzaf_2426291082980490922.plus.aac.p.m4a
52,光るなら,四月は君の嘘 OP,http://is5.mzstatic.com/image/thumb/Music3/v4/09/24/4e/09244e9b-9d86-55fc-7fe3-7c7ba2337c85/source/100x100bb.jpg,https://audio-ssl.itunes.apple.com/apple-assets-us-std-000001/Music3/v4/7b/c8/0e/7bc80e76-1f46-32ee-8fc2-959d1334377e/mzaf_1125757247887561308.plus.aac.p.m4a
53,THERE IS A REASON,ノーゲーム・ノーライフ ゼロ 主題歌,http://is2.mzstatic.com/image/thumb/Music117/v4/d7/d6/de/d7d6de30-4f99-0afe-8d45-a5bf1ad0e460/source/100x100bb.jpg,https://audio-ssl.itunes.apple.com/apple-assets-us-std-000001/AudioPreview117/v4/ef/1b/4a/ef1b4ab5-59ec-d622-8bf7-b4d95c2bf112/mzaf_6776166965022996368.plus.aac.p.m4a
54,ANGER/ANGER,ブブキ・ブランキ ED,http://is5.mzstatic.com/image/thumb/Music69/v4/a9/29/72/a92972b8-2edf-b61d-d03b-bd225ae9be23/source/100x100bb.jpg,https://audio-ssl.itunes.apple.com/apple-assets-us-std-000001/Music49/v4/92/74/d8/9274d856-47d9-0b64-01a4-5ff192fe8ebc/mzaf_3782002993563337872.plus.aac.p.m4a
55,そら,鉄腕バーディー DECODE OP,http://is1.mzstatic.com/image/thumb/Music/v4/8b/c2/09/8bc2091b-2fef-2dc0-533a-5402fb19d0ed/source/100x100bb.jpg,http://a405.phobos.apple.com/us/r30/Music/v4/7d/9a/9c/7d9a9ccd-d377-29a1-6ab0-905e8c6dc4f6/mzaf_9159336896333739951.m4a
56,空色デイズ,天元突破グレンラガン OP,http://is1.mzstatic.com/image/thumb/Music/v4/43/69/f6/4369f6e0-2203-8ec4-d77b-a70fa638400b/source/100x100bb.jpg,https://audio-ssl.itunes.apple.com/apple-assets-us-std-000001/Music/v4/94/43/61/944361df-92d5-9b95-63fa-93b5ee840579/mzaf_1923524349019902389.plus.aac.p.m4a
57,名前のない怪物,PSYCHO-PASS サイコパス ED,http://is1.mzstatic.com/image/thumb/Music/v4/a7/df/5d/a7df5dfd-ddf5-e907-c828-2e49a5ac5d44/source/100x100bb.jpg,https://audio-ssl.itunes.apple.com/apple-assets-us-std-000001/Music/v4/a0/25/54/a0255496-6302-f863-69e6-3691e29c7f7f/mzaf_8255437048899619329.plus.aac.p.m4a
58,ソラのパレード,GRANBLUE FANTASY The Animation ED,http://is2.mzstatic.com/image/thumb/Music111/v4/44/e0/43/44e0437e-49fb-77d7-3535-d1bfa72ffa12/source/100x100bb.jpg,https://audio-ssl.itunes.apple.com/apple-assets-us-std-000001/AudioPreview122/v4/b3/96/de/b396de22-0baa-8de9-4cb6-8b27ef784950/mzaf_4649613315749740054.plus.aac.p.m4a
59,鳥の詩,AIR OP,http://is2.mzstatic.com/image/thumb/Music4/v4/a4/98/d8/a498d86b-4636-7bef-9492-6f0a907d7f1b/source/100x100bb.jpg,https://audio-ssl.itunes.apple.com/apple-assets-us-std-000001/AudioPreview128/v4/4b/c0/33/4bc033a3-3b6a-6df3-9d81-8aaa9f51d85f/mzaf_8071478579310070881.plus.aac.p.m4a
60,海色,艦隊これくしょん -艦これ- OP,http://is3.mzstatic.com/image/thumb/Music5/v4/f6/4b/97/f64b97a4-b477-ddf2-5d5f-4f4c61fe9f2e/source/100x100bb.jpg,http://a1261.phobos.apple.com/us/r30/Music3/v4/93/54/bb/9354bbd7-cedc-98e9-8e3b-a91983071bef/mzaf_1608129038468262833.plus.aac.p.m4a
61,サヨナラノツバサ ~ the end of triangle,劇場版マクロスF IN,http://is3.mzstatic.com/image/thumb/Music/v4/d5/ea/67/d5ea67aa-085c-80cf-9f63-61994db59a7e/source/100x100bb.jpg,https://audio-ssl.itunes.apple.com/apple-assets-us-std-000001/Music/v4/08/3b/b1/083bb16d-b311-dcc6-0cfe-c2dbd2a351e6/mzaf_8284398264895078988.plus.aac.p.m4a
62,Brave Shine,Fate/stay night [Unlimited Blade Works] OP,http://is5.mzstatic.com/image/thumb/Music7/v4/4f/ab/b2/4fabb2a4-58ef-69ca-5782-539995df2b1a/source/100x100bb.jpg,https://audio-ssl.itunes.apple.com/apple-assets-us-std-000001/Music1/v4/22/36/bf/2236bfee-9c8a-3162-d9cb-469c80affa17/mzaf_3908627317619783052.plus.aac.p.m4a
63,LAYon-theLINE,賭ケグルイ ED,http://is3.mzstatic.com/image/thumb/Music118/v4/0e/11/a7/0e11a73f-49a5-5e27-f766-c8b8157fde82/source/100x100bb.jpg,https://audio-ssl.itunes.apple.com/apple-assets-us-std-000001/AudioPreview118/v4/46/5a/dd/465addee-805f-ded9-3745-a760ae04d534/mzaf_8514238490990395947.plus.aac.p.m4a
64,MEMORIA,Fate/Zero ED,http://is2.mzstatic.com/image/thumb/Music/v4/ab/05/12/ab0512b7-8c05-ebb8-1e30-047e68383380/source/100x100bb.jpg,https://audio-ssl.itunes.apple.com/apple-assets-us-std-000001/AudioPreview71/v4/71/39/06/713906eb-31e8-9635-d3af-4e6c5ac4bbdc/mzaf_3977141918292486193.plus.aac.p.m4a
65,Crow Song,Angel Beats! IN,http://is2.mzstatic.com/image/thumb/Music/v4/0c/c5/41/0cc541b6-3fe2-1505-32be-e184d5978025/source/100x100bb.jpg,https://audio-ssl.itunes.apple.com/apple-assets-us-std-000001/Music/v4/5b/6e/df/5b6edffc-9a3a-a075-3540-6111462082bf/mzaf_7830734821458495233.plus.aac.p.m4a
66,ダイヤモンドクレバス,マクロスF IN,http://is3.mzstatic.com/image/thumb/Music/v4/77/f2/13/77f213ec-ffd1-5812-07f1-2dd11f0079bc/source/100x100bb.jpg,https://audio-ssl.itunes.apple.com/apple-assets-us-std-000001/Music/v4/d1/81/02/d181022b-88e4-dd96-d57c-c3aaec21e237/mzaf_3095392999757225504.plus.aac.p.m4a
67,カラフル,劇場版 魔法少女まどか☆マギカ[新編] 叛逆の物語 OP,http://is4.mzstatic.com/image/thumb/Music4/v4/7c/d9/11/7cd91131-15d5-a757-175a-b39f5a489dc8/source/100x100bb.jpg,https://audio-ssl.itunes.apple.com/apple-assets-us-std-000001/AudioPreview71/v4/87/2b/27/872b27ac-5f9b-1d0e-9477-9b289a94d32e/mzaf_5365270119697150929.plus.aac.p.m4a
68,Climber’s High!,風夏 OP,http://is1.mzstatic.com/image/thumb/Music122/v4/a5/75/7d/a5757d80-3eda-7478-cb9c-83d5d7d26482/source/100x100bb.jpg,https://audio-ssl.itunes.apple.com/apple-assets-us-std-000001/AudioPreview111/v4/9c/9e/ec/9c9eece8-7298-ea7c-cf91-c56c7c6ac4b2/mzaf_9203953320619107187.plus.aac.p.m4a
69,secret base 〜君がくれたもの〜（10 years after Ver.）,あの日見た花の名前を僕達はまだ知らない。 ED,http://is1.mzstatic.com/image/thumb/Music/v4/15/4a/21/154a21ca-494c-5682-7630-f5b9ffb7c9f1/source/100x100bb.jpg,https://audio-ssl.itunes.apple.com/apple-assets-us-std-000001/Music/v4/00/01/c6/0001c637-b5ee-7310-681b-8356c0ada6ea/mzaf_2055470937499153389.plus.aac.p.m4a
70,恋愛サーキュレーション,化物語 OP,http://is4.mzstatic.com/image/thumb/Music6/v4/e1/f9/79/e1f979d4-27a4-5304-e426-3fd3129269ef/source/100x100bb.jpg,https://audio-ssl.itunes.apple.com/apple-assets-us-std-000001/AudioPreview71/v4/62/1d/8f/621d8f03-0875-4489-9935-303f5163ec9f/mzaf_9052417947129796495.plus.aac.p.m4a
71,時を刻む唄,CLANNAD ～AFTER STORY～ OP,http://is4.mzstatic.com/image/thumb/Music6/v4/af/23/35/af2335ad-c86d-9ff6-51ee-17b882f07408/source/100x100bb.jpg,https://audio-ssl.itunes.apple.com/apple-assets-us-std-000001/Music/v4/40/e6/fd/40e6fd21-0194-e948-20b1-1b237fe1c362/mzaf_6296936567584256799.plus.aac.p.m4a
72,This game,ノーゲーム・ノーライフ OP,http://is1.mzstatic.com/image/thumb/Music4/v4/77/b4/ec/77b4ec7e-76cd-611f-7ebd-db289bfe8877/source/100x100bb.jpg,https://audio-ssl.itunes.apple.com/apple-assets-us-std-000001/Music/v4/b2/4f/bf/b24fbf6b-c044-1913-824f-68f992482f50/mzaf_8423814208357929667.plus.aac.p.m4a
73,たった1つの想い,GUNSLINGER GIRL -IL TEATRINO- OP,http://is3.mzstatic.com/image/thumb/Music118/v4/14/21/5b/14215b7e-80fa-6615-3973-3e1d365f56ba/source/100x100bb.jpg,https://audio-ssl.itunes.apple.com/apple-assets-us-std-000001/AudioPreview128/v4/26/c0/8e/26c08e4f-6fca-04b9-ec5b-17578551d682/mzaf_7144199761009996560.plus.aac.p.m4a
74,Deep in Abyss,メイドインアビス OP,http://is5.mzstatic.com/image/thumb/Music/v4/4d/bd/67/4dbd67f0-85bb-92a5-5e5a-64d46d7c27ab/source/100x100bb.jpg,https://audio-ssl.itunes.apple.com/apple-assets-us-std-000001/AudioPreview71/v4/40/30/7a/40307a85-b9a9-dba6-258c-2a862a1874ea/mzaf_8923801327752290295.plus.aac.p.m4a
75,Mysterious Eyes,名探偵コナン OP,http://is1.mzstatic.com/image/thumb/Music/v4/9c/b0/91/9cb091d5-60f4-5333-4fb2-8110797746be/source/100x100bb.jpg,https://audio-ssl.itunes.apple.com/apple-assets-us-std-000001/Music/v4/7d/2b/d3/7d2bd34c-9eb3-9fef-2203-bb0deaf8c7b5/mzaf_8441034795328103404.plus.aac.p.m4a
76,My Dearest,ギルティクラウン OP,http://is3.mzstatic.com/image/thumb/Music111/v4/67/04/f4/6704f4a6-3502-9e42-94db-616c8d02f4de/source/100x100bb.jpg,https://audio-ssl.itunes.apple.com/apple-assets-us-std-000001/AudioPreview111/v4/77/62/38/77623809-5de5-b69b-0972-004311f33500/mzaf_7656081642709930884.plus.aac.p.m4a
77,Catch the Moment,ソードアート・オンライン -オーディナル・スケール- 主題歌,http://is5.mzstatic.com/image/thumb/Music/v4/46/2b/15/462b1583-7dd1-4f4a-0860-f250ec633b40/source/100x100bb.jpg,https://audio-ssl.itunes.apple.com/apple-assets-us-std-000001/AudioPreview62/v4/2e/7a/d6/2e7ad6c4-3577-45b1-5de9-37eb181ca9d2/mzaf_6255802733086302094.plus.aac.p.m4a
78,リフレクティア,true tears OP,http://is2.mzstatic.com/image/thumb/Music/v4/0c/c5/41/0cc541b6-3fe2-1505-32be-e184d5978025/source/100x100bb.jpg,https://audio-ssl.itunes.apple.com/apple-assets-us-std-000001/Music/v4/24/1a/2c/241a2c93-9e7b-500d-a99b-ccfdb96a847c/mzaf_4929906347393127321.plus.aac.p.m4a
79,Alchemy,Angel Beats! IN,http://is4.mzstatic.com/image/thumb/Music111/v4/21/f8/e7/21f8e72b-b38c-4937-2acf-7fac86ec79ed/source/100x100bb.jpg,https://audio-ssl.itunes.apple.com/apple-assets-us-std-000001/AudioPreview122/v4/41/42/d8/4142d85c-e59f-4a35-605d-41ba3f912027/mzaf_777970604779433905.plus.aac.p.m4a
80,Rain,言の葉の庭 ED,http://is2.mzstatic.com/image/thumb/Music118/v4/0f/b0/e7/0fb0e7cc-54bc-76c5-f598-d9a489dcdecb/source/100x100bb.jpg,https://audio-ssl.itunes.apple.com/apple-assets-us-std-000001/AudioPreview128/v4/b1/d4/ec/b1d4ec91-a85f-7621-019e-01ee6d07037e/mzaf_7589673416875496690.plus.aac.p.m4a
81,Cinderella step,神撃のバハムート VIRGIN SOUL ED,http://is4.mzstatic.com/image/thumb/Music60/v4/cf/3a/38/cf3a387c-23d0-19da-b695-99a565384fe3/source/100x100bb.jpg,https://audio-ssl.itunes.apple.com/apple-assets-us-std-000001/AudioPreview18/v4/84/6d/80/846d8022-4d9b-9de3-b9f7-efd84fcc5488/mzaf_2633110708718944784.plus.aac.p.m4a
82,風は予告なく吹く,マクロスΔ ED,http://is3.mzstatic.com/image/thumb/Music60/v4/35/ac/d6/35acd65b-9fd6-dbff-6d2c-e5c66ac41cc7/source/100x100bb.jpg,https://audio-ssl.itunes.apple.com/apple-assets-us-std-000001/AudioPreview60/v4/16/e7/8c/16e78c30-3044-08aa-81b0-4595424e6c13/mzaf_7588512959491638259.plus.aac.p.m4a
83,いけないボーダーライン,マクロスΔ IN,http://is1.mzstatic.com/image/thumb/Music3/v4/fc/29/5a/fc295abf-73a9-d3dc-4fe4-40603f3a303b/source/100x100bb.jpg,https://audio-ssl.itunes.apple.com/apple-assets-us-std-000001/Music5/v4/eb/60/75/eb607510-26e9-b7e8-7223-d296f0116a14/mzaf_4923352795421329875.plus.aac.p.m4a
84,STONES,ローリング☆ガールズ IN,http://is1.mzstatic.com/image/thumb/Music/v4/f6/e1/f0/f6e1f089-cf3c-3b27-060b-996392ca8336/source/100x100bb.jpg,https://audio-ssl.itunes.apple.com/apple-assets-us-std-000001/Music/v4/2a/b9/66/2ab9665b-8e6e-cd76-f10c-3ecf6864f9f6/mzaf_7301426404289473180.plus.aac.p.m4a
85,変わらないもの,時をかける少女 IN,http://is2.mzstatic.com/image/thumb/Music117/v4/c8/23/27/c823275f-e118-02db-be84-2722d27f6b05/source/100x100bb.jpg,https://audio-ssl.itunes.apple.com/apple-assets-us-std-000001/AudioPreview117/v4/5f/a9/bd/5fa9bd62-1235-7cee-a3dc-d60d53f5dcb4/mzaf_5773143995004569927.plus.aac.p.m4a
86,sh0ut,Re:CREATORS OP,http://is5.mzstatic.com/image/thumb/Music/v4/c6/1d/0b/c61d0bb9-65b6-df0e-2f92-629c9ae8f58d/source/100x100bb.jpg,https://audio-ssl.itunes.apple.com/apple-assets-us-std-000001/Music4/v4/35/e7/ae/35e7ae09-5cf4-421b-84ae-5fb7afdef9e3/mzaf_211115176835535698.plus.aac.p.m4a
87,ウォーアイニー,銀魂 ED,http://is2.mzstatic.com/image/thumb/Music/v4/ad/8d/2c/ad8d2ce2-207d-9827-ca67-3f3ac3d93d33/source/100x100bb.jpg,https://audio-ssl.itunes.apple.com/apple-assets-us-std-000001/Music/v4/37/7b/06/377b06bd-ea4a-95c3-2016-b6951ba5052d/mzaf_2595136252067993908.plus.aac.p.m4a
88,コネクト,魔法少女まどか☆マギカ OP,http://is1.mzstatic.com/image/thumb/Music/v4/7c/a1/19/7ca119c0-b323-ffcd-d93d-8e61c1148de5/source/100x100bb.jpg,https://audio-ssl.itunes.apple.com/apple-assets-us-std-000001/Music/v4/f3/8d/d6/f38dd695-e173-7e9d-c259-00f19c9b672c/mzaf_1922719250833610820.plus.aac.p.m4a
89,オレンジ,とらドラ！ ED,http://is4.mzstatic.com/image/thumb/Music/v4/5e/96/08/5e960810-875b-ed2c-6aaf-e02736537d6a/source/100x100bb.jpg,https://audio-ssl.itunes.apple.com/apple-assets-us-std-000001/Music2/v4/89/35/95/893595ad-d9cc-7a6e-7503-97b21dc7353a/mzaf_4961254373643327027.plus.aac.p.m4a
90,打上花火,打ち上げ花火、下から見るか？横から見るか？ 主題歌,http://is2.mzstatic.com/image/thumb/Music118/v4/0f/b0/e7/0fb0e7cc-54bc-76c5-f598-d9a489dcdecb/source/100x100bb.jpg,https://audio-ssl.itunes.apple.com/apple-assets-us-std-000001/AudioPreview128/v4/49/cd/c8/49cdc8bf-9ffa-4312-88cf-ff12bf0e72a0/mzaf_7123693879677143341.plus.aac.p.m4a
91,RE:I AM,機動戦士ガンダムUC OP,http://is5.mzstatic.com/image/thumb/Music/v4/eb/59/ba/eb59ba4d-4f6c-e68d-220d-8e60346663ef/source/100x100bb.jpg,http://a354.phobos.apple.com/us/r30/Music2/v4/20/f7/52/20f752e8-d883-dd8a-fb84-e4d096de59bd/mzaf_3087627744833927155.aac.m4a
92,&Z,アルドノア・ゼロ OP,http://is1.mzstatic.com/image/thumb/Music3/v4/dc/cf/a8/dccfa8bf-0d43-9f00-d270-037d49be5d04/source/100x100bb.jpg,https://audio-ssl.itunes.apple.com/apple-assets-us-std-000001/Music3/v4/ef/3c/7e/ef3c7e8d-a227-aba3-00e6-012cdc85d06a/mzaf_1772377338497561011.plus.aac.p.m4a
93,Freesia,サクラクエスト　ED,http://is4.mzstatic.com/image/thumb/Music127/v4/bd/c8/de/bdc8dec0-6382-e5f0-1ffd-d17d453e146a/source/100x100bb.jpg,https://audio-ssl.itunes.apple.com/apple-assets-us-std-000001/AudioPreview127/v4/0c/8d/3c/0c8d3ca1-dd72-d20d-c705-ecac97c66807/mzaf_4056201014296747066.plus.aac.p.m4a
94,シルシ,ソードアート・オンラインII ED,http://is3.mzstatic.com/image/thumb/Music1/v4/53/22/d2/5322d2ad-5d8d-88d6-d171-46a82383a8a1/source/100x100bb.jpg,https://audio-ssl.itunes.apple.com/apple-assets-us-std-000001/Music1/v4/39/c2/c5/39c2c572-a288-0b1c-3a30-64ecaec41f52/mzaf_8291909648343234205.plus.aac.p.m4a
95,ambiguous,キルラキル OP,http://is4.mzstatic.com/image/thumb/Music6/v4/d4/9f/de/d49fdeff-f67d-d3b8-16fd-1c57536dc3b6/source/100x100bb.jpg,https://audio-ssl.itunes.apple.com/apple-assets-us-std-000001/Music6/v4/2d/3f/76/2d3f7685-1dd0-f823-def2-6fc5a8c19eaf/mzaf_3186499621808911764.plus.aac.p.m4a
96,割れたリンゴ,新世界より ED,http://is3.mzstatic.com/image/thumb/Music/v4/90/8c/7b/908c7b05-d4aa-d521-1ef7-1fea0bfde105/source/100x100bb.jpg,https://audio-ssl.itunes.apple.com/apple-assets-us-std-000001/Music/v4/ba/60/67/ba606759-c93a-8481-77b1-7702ab61add5/mzaf_8523031074819459632.plus.aac.p.m4a
97,スパークル,君の名は。 IN,http://is5.mzstatic.com/image/thumb/Music22/v4/1c/42/87/1c428722-fd20-e4b6-6441-207a73203251/source/100x100bb.jpg,https://audio-ssl.itunes.apple.com/apple-assets-us-std-000001/AudioPreview71/v4/15/87/ef/1587ef0b-2cac-3f17-8110-51301bb8612a/mzaf_3542609566744204760.plus.aac.p.m4a
98,ebb and flow,凪のあすから OP,http://is1.mzstatic.com/image/thumb/Music6/v4/e4/ac/98/e4ac987b-6e1a-b7a4-0ecb-d259b7cb8703/source/100x100bb.jpg,https://audio-ssl.itunes.apple.com/apple-assets-us-std-000001/Music4/v4/dc/68/c0/dc68c0bb-cc30-684f-79b8-6703952ad9f7/mzaf_8037075853371569554.plus.aac.p.m4a
99,GIRAFFE BLUES,マクロスΔ IN,http://is3.mzstatic.com/image/thumb/Music60/v4/88/fd/c6/88fdc6c1-7941-54ef-bac3-60e7a0abcb1c/source/100x100bb.jpg,https://audio-ssl.itunes.apple.com/apple-assets-us-std-000001/AudioPreview20/v4/35/fa/d5/35fad543-ffce-60ff-eb70-abd61b1cd305/mzaf_1529928267804624288.plus.aac.p.m4a
100,Borderland,ヨルムンガンド OP,http://is5.mzstatic.com/image/thumb/Music/v4/2d/56/b6/2d56b6f5-0176-7144-c659-2ae5c4effcde/source/100x100bb.jpg,https://audio-ssl.itunes.apple.com/apple-assets-us-std-000001/Music/d8/73/42/mzi.fjdzslop.aac.p.m4a
101,Shadow and Truth,ACCA13区監察課 OP,http://is5.mzstatic.com/image/thumb/Music111/v4/44/e8/6a/44e86a8d-c498-7b38-948b-fc47278f9b88/source/100x100bb.jpg,https://audio-ssl.itunes.apple.com/apple-assets-us-std-000001/AudioPreview82/v4/fd/d7/85/fdd785da-7295-e7c7-bf7b-3555a67b137a/mzaf_9068072998088132412.plus.aac.p.m4a
102,Daisy,境界の彼方 ED,http://is5.mzstatic.com/image/thumb/Music/v4/98/d8/2a/98d82aab-1cf8-414e-2ac5-0bb68c06c7cb/source/100x100bb.jpg,https://audio-ssl.itunes.apple.com/apple-assets-us-std-000001/AudioPreview71/v4/20/cd/f0/20cdf094-3c24-e37f-3292-d53388cf458f/mzaf_4109913124612673845.plus.aac.p.m4a
103,God knows…,涼宮ハルヒの憂鬱 IN,http://is5.mzstatic.com/image/thumb/Music18/v4/38/1e/c0/381ec069-feb4-5172-c9fe-233fb99b6348/source/100x100bb.jpg,https://audio-ssl.itunes.apple.com/apple-assets-us-std-000001/AudioPreview18/v4/1a/18/b9/1a18b942-baeb-ade6-ee6a-78c4ff4ad0d0/mzaf_2217793634511678478.plus.aac.p.m4a
104,届かない恋 ’13,WHITE ALBUM2 OP,http://is3.mzstatic.com/image/thumb/Music62/v4/b4/aa/8e/b4aa8ecf-0b87-af02-0587-d00a0978778b/source/100x100bb.jpg,https://audio-ssl.itunes.apple.com/apple-assets-us-std-000001/AudioPreview62/v4/e3/9c/8b/e39c8b5f-2981-965f-a1b8-18f3ae69593f/mzaf_7256271199938561396.plus.aac.p.m4a
105,デートTIME,サムライフラメンコ ED,http://is1.mzstatic.com/image/thumb/Music4/v4/52/e8/bf/52e8bf58-f139-65d0-a1f0-ffcaa7068635/source/100x100bb.jpg,https://audio-ssl.itunes.apple.com/apple-assets-us-std-000001/Music/v4/e5/63/3c/e5633c56-0092-021b-ce7e-2e39c992fe7a/mzaf_1706190183997166403.plus.aac.p.m4a
106,世界は恋に落ちている,アオハライド OP,http://is5.mzstatic.com/image/thumb/Music4/v4/25/15/10/25151002-8e3d-ae66-ae09-ed1fd26a0012/source/100x100bb.jpg,https://audio-ssl.itunes.apple.com/apple-assets-us-std-000001/Music3/v4/35/ad/48/35ad4810-62ab-2e3f-6a9e-ae50f7d16347/mzaf_6929249446118781225.plus.aac.p.m4a
107,サムライハート,銀魂 ED,http://is1.mzstatic.com/image/thumb/Music/v4/b1/48/d8/b148d811-e989-4f16-1d8e-b0bfba2e62b0/source/100x100bb.jpg,https://audio-ssl.itunes.apple.com/apple-assets-us-std-000001/AudioPreview71/v4/2e/c0/d2/2ec0d234-bb44-5f2c-6b0d-de1fb34e4c36/mzaf_3174413379545477659.plus.aac.p.m4a
108,killy killy JOKER,selector infected WIXOSS OP,http://is2.mzstatic.com/image/thumb/Music/v4/b7/42/88/b7428849-8b8d-ebc5-cb19-90b292b42bed/source/100x100bb.jpg,https://audio-ssl.itunes.apple.com/apple-assets-us-std-000001/Music/v4/55/ae/ac/55aeac74-0db6-2e3d-6a27-c4d020cd1434/mzaf_3845432274487720105.plus.aac.p.m4a
109,VACANCY,亡念のザムド ED,http://is4.mzstatic.com/image/thumb/Music/v4/d4/30/1a/d4301a10-daf2-7d97-8894-84df24c71c17/source/100x100bb.jpg,https://audio-ssl.itunes.apple.com/apple-assets-us-std-000001/AudioPreview71/v4/57/9f/57/579f5762-eabb-01f3-ddfa-bab79a5ce7a7/mzaf_1816681950686099615.plus.aac.p.m4a
110,M/elody,東京マグニチュード8.0 ED,http://is5.mzstatic.com/image/thumb/Music/v4/ab/46/c6/ab46c642-a551-ee88-aafa-33bc4322fd16/source/100x100bb.jpg,https://audio-ssl.itunes.apple.com/apple-assets-us-std-000001/AudioPreview71/v4/fb/40/81/fb408186-3bad-a5bc-6132-3475a5c53b87/mzaf_6253255983483056229.plus.aac.p.m4a
111,träumerei,幻影ヲ駆ケル太陽 OP,http://is4.mzstatic.com/image/thumb/Music4/v4/80/4a/1f/804a1fbd-98b7-6331-a0ee-5cab938d7575/source/100x100bb.jpg,https://audio-ssl.itunes.apple.com/apple-assets-us-std-000001/AudioPreview71/v4/b3/fd/02/b3fd029c-fd58-3e7d-f999-c92530ac7526/mzaf_1438981576615872897.plus.aac.p.m4a
112,夜の国,GANGSTA. ED,http://is1.mzstatic.com/image/thumb/Music7/v4/bb/12/fb/bb12fbdb-83ec-b32b-ee91-4a9a2855f045/source/100x100bb.jpg,https://audio-ssl.itunes.apple.com/apple-assets-us-std-000001/Music3/v4/d8/93/a4/d893a44f-2921-ca21-d22a-c0a2e4e1190c/mzaf_3696349953601434328.plus.aac.p.m4a
113,創聖のアクエリオン,創聖のアクエリオン OP,http://is4.mzstatic.com/image/thumb/Music/v4/99/24/eb/9924ebea-717f-0b06-95cd-812ad808a72c/source/100x100bb.jpg,https://audio-ssl.itunes.apple.com/apple-assets-us-std-000001/Music/v4/94/42/2c/94422ceb-f793-6ad1-afd9-a99c4198474c/mzaf_6682876839104583681.plus.aac.p.m4a
114,君の知らない物語,化物語 ED,http://is3.mzstatic.com/image/thumb/Music/v4/85/a8/55/85a85590-7cea-4cd7-e71c-6be0036e41a3/source/100x100bb.jpg,https://audio-ssl.itunes.apple.com/apple-assets-us-std-000001/Music/v4/24/35/f7/2435f7b9-0892-b8e8-d214-1f239eb48d12/mzaf_6580560161523191283.plus.aac.p.m4a
115,Beautiful World,ヱヴァンゲリヲン新劇場版:序 ED,http://is2.mzstatic.com/image/thumb/Music128/v4/be/21/8d/be218d92-a8ad-d317-8ab4-9afb3b53ee50/source/100x100bb.jpg,https://audio-ssl.itunes.apple.com/apple-assets-us-std-000001/AudioPreview128/v4/e6/e0/8f/e6e08f14-d0ea-0f77-20db-b8a099b379ca/mzaf_2493492250004091753.plus.aac.p.m4a
116,プライド革命,銀魂 OP,http://is5.mzstatic.com/image/thumb/Music7/v4/03/c0/76/03c07613-c91f-49b7-a1e2-f7c980773e0e/source/100x100bb.jpg,https://audio-ssl.itunes.apple.com/apple-assets-us-std-000001/Music5/v4/64/ce/23/64ce2310-1f84-64f0-f774-2306e978eb5b/mzaf_4941999470066862395.plus.aac.p.m4a
117,ツキアカリのミチシルベ,DARKER THAN BLACK -流星の双子- OP,http://is4.mzstatic.com/image/thumb/Music/v4/ec/c0/89/ecc089ee-fe2d-81e5-1852-74c00cecdb43/source/100x100bb.jpg,https://audio-ssl.itunes.apple.com/apple-assets-us-std-000001/Music/v4/9f/e7/bf/9fe7bfce-f1eb-cd51-d127-c4a457269266/mzaf_7120923640209787099.plus.aac.p.m4a
118,tomorrow,フルメタル・パニック! OP,http://is1.mzstatic.com/image/thumb/Music/v4/89/2b/c4/892bc472-1495-c6e8-7764-3d095cd0b364/source/100x100bb.jpg,https://audio-ssl.itunes.apple.com/apple-assets-us-std-000001/Music2/v4/ca/5e/42/ca5e424b-a196-87c3-1fc3-f030ffc8bb90/mzaf_5416228747769646302.plus.aac.p.m4a
119,FEELING AROUND,ラーメン大好き小泉さん OP,http://is5.mzstatic.com/image/thumb/Music128/v4/17/54/36/175436c2-b9be-90d0-1dc3-c40498a2884b/source/100x100bb.jpg,https://audio-ssl.itunes.apple.com/apple-assets-us-std-000001/AudioPreview118/v4/aa/30/06/aa300629-d23b-f58a-f2c1-05e3a5834845/mzaf_1925219440007514319.plus.aac.p.m4a
120,Sincerely,ヴァイオレット・エヴァーガーデン OP,http://is2.mzstatic.com/image/thumb/Music128/v4/26/4b/17/264b171a-86f7-aee9-a8d6-3ddb71cf223a/source/100x100bb.jpg,https://audio-ssl.itunes.apple.com/apple-assets-us-std-000001/AudioPreview118/v4/8e/8c/90/8e8c902c-4af8-7bc3-a04a-44b66566ddd2/mzaf_5211184018734676695.plus.aac.p.m4a
121,Ref:rain,恋は雨上がりのように ED,http://is4.mzstatic.com/image/thumb/Music128/v4/3b/f4/8b/3bf48b1d-0cee-6d81-7be3-f9c64a840f6e/source/100x100bb.jpg,https://audio-ssl.itunes.apple.com/apple-assets-us-std-000001/AudioPreview128/v4/e3/69/2c/e3692c4a-5c58-369f-3726-84765b24ae5f/mzaf_7237488064693266972.plus.aac.p.m4a
122,朝焼けと熱帯魚,刻刻 ED,http://is4.mzstatic.com/image/thumb/Music118/v4/ea/26/a9/ea26a956-ec2b-eb3d-2a35-ab75e604e6e6/source/100x100bb.jpg,https://audio-ssl.itunes.apple.com/apple-assets-us-std-000001/AudioPreview128/v4/56/17/2f/56172fb6-679e-509f-47e4-6499b231b86c/mzaf_7479456608517491434.plus.aac.p.m4a
123,SHINY DAYS,ゆるキャン△ OP,http://is5.mzstatic.com/image/thumb/Music128/v4/42/6d/db/426ddb28-3714-bcfe-c0ba-81cb0e869fdf/source/100x100bb.jpg,https://audio-ssl.itunes.apple.com/apple-assets-us-std-000001/AudioPreview118/v4/9c/32/04/9c320482-9ef5-6f48-59e1-f2e61711a392/mzaf_2448950725857981350.plus.aac.p.m4a
124,KISS OF DEATH(Produced by HYDE),ダーリン・イン・ザ・フランキス OP,http://is3.mzstatic.com/image/thumb/Music128/v4/7b/e3/26/7be32600-14ea-c5f4-3cbf-06e01cdaf3b3/source/100x100bb.jpg,https://audio-ssl.itunes.apple.com/apple-assets-us-std-000001/AudioPreview118/v4/5f/aa/8f/5faa8fcc-8393-d450-d882-f87fc5782d35/mzaf_5179635277607735590.plus.aac.p.m4a
